iter_num,cross_entropy,detached_cross_entropy,completion_cross_entropy,context_cross_entropy,full_cross_entropy,commited_cross_entropy,common_cross_entropy,infile_cross_entropy,inproject_cross_entropy,non_informative_cross_entropy,random_cross_entropy,epoch,learning_rate
1,0.7495316217848926,nan,0.7412494531722005,0.7532538998991428,0.7495316217848926,0.4799103897908166,0.6349078001105432,0.43021944385496974,0.49567724579733224,1.0401084476683016,0.5881151688425669,0.005220654213231096,7e-07
2,0.7244582819423113,nan,0.7305206875316805,0.7215499915295408,0.7244582819423113,0.423707361256438,0.4193926074806825,0.36406454553518997,0.5210430126588697,1.0368929704697616,0.5081315394610388,0.010441308426462192,1.4e-06
3,0.7422372371521129,nan,0.7676400213968011,0.7304718638015825,0.7422372371521129,0.5805456938147543,0.6124241278890082,0.4193284818760504,0.4900678135577161,1.112194921899662,0.5512895193846727,0.015661962639693286,2.1e-06
4,0.7307901848145083,nan,0.7948710392229265,0.6999606353880999,0.7307901848145083,0.4504686343615159,0.6308669152256151,0.5075431787318861,0.5746587094712935,1.116154024171589,0.5484444047208332,0.020882616852924384,2.8e-06
5,0.7186223328072192,nan,0.7357835131891216,0.7101613429802436,0.7186223328072192,0.4516419269269108,0.4838485485607315,0.36785544751352095,0.5275952755165093,1.0412933221697076,0.5338184691988644,0.026103271066155478,3.4999999999999995e-06
6,0.7193530071572825,nan,0.7256721599260352,0.716460035085278,0.7193530071572825,0.40934428001615414,0.46203695442950854,0.44085866602233026,0.48942367917148033,1.0271548450983843,0.5867320916559954,0.03132392527938657,4.2e-06
7,0.7480139435531247,nan,0.7661368290573588,0.7393280122523725,0.7480139435531247,0.5654456441578933,0.4602335242939389,0.5329111779721193,0.5268343914810351,1.0510872290962836,0.596541218117527,0.03654457949261767,4.9e-06
8,0.7847327059311346,nan,0.7706550892153277,0.7910310985774414,0.7847327059311346,0.46552763105521927,0.6141308935883956,0.5151667957766937,0.5731427466872151,1.1355448897083689,0.5596092007032087,0.04176523370584877,5.6e-06
9,0.7253195018349841,nan,0.7192334245220491,0.7280804318053087,0.7253195018349841,0.6185870711427871,0.57029892206192,0.4308200109709662,0.5216870359108984,0.9755382904546627,0.5375217981388262,0.04698588791907986,6.299999999999999e-06
10,0.7812487528098097,nan,0.8226148523390299,0.7618029566761675,0.7812487528098097,0.46171421336072377,0.5411515173217561,0.4295426494898033,0.44146590857694346,1.104739189230374,0.703284499879751,0.052206542132310955,6.999999999999999e-06
11,0.7217291451605456,nan,0.7298261187970644,0.7177212421270284,0.7217291451605456,0.48944803536006115,0.5476405130550112,0.4664240583486809,0.5360335806937175,1.030118855931721,0.5599200197590826,0.05742719634554205,7.699999999999999e-06
12,0.7126647313978848,nan,0.7225053464062515,0.7081585625741008,0.7126647313978848,0.3531900817201541,0.6616730302018649,0.4663667454957911,0.6421909873885093,0.9890539838131871,0.5446304964565163,0.06264785055877314,8.4e-06
13,0.7954346274319254,nan,0.8131886064074937,0.7871676900889126,0.7954346274319254,0.49112713052949647,0.5834338935803111,0.5813746769178756,0.6328320613789232,1.147559608702207,0.5750566711884819,0.06786850477200425,9.1e-06
14,0.6900378891216334,nan,0.675006246194244,0.6968779974288208,0.6900378891216334,0.42815882890788737,0.39354398535033724,0.42425678035055137,0.45590092495074264,0.9641057145455324,0.5709511785251944,0.07308915898523534,9.8e-06
15,0.7424598627640999,nan,0.6778633000363051,0.7722464752582734,0.7424598627640999,0.44958488569354366,0.5010646135913152,0.3983472009760437,0.47271189443437195,0.9444630276257217,0.51099283207752,0.07830981319846643,1.05e-05
16,0.706371574812407,nan,0.6455553860869261,0.7337558866731299,0.706371574812407,0.45316144568327615,0.5869522931689016,0.36834087567967666,0.4539577915600824,0.9833587455468001,0.5085362514378357,0.08353046741169753,1.12e-05
17,0.7060752199401822,nan,0.7042128020880256,0.7069459360943184,0.7060752199401822,0.43951554268372733,0.6484378873970773,0.4128951721706698,0.5496482752391653,1.0455568533341553,0.5126466590810992,0.08875112162492862,1.1899999999999998e-05
18,0.6854884777992734,nan,0.7188089669432712,0.6700817396270536,0.6854884777992734,0.4569738376397967,0.6519600810637151,0.44777713046272744,0.5349396187560753,0.9977436350597583,0.5621046287722018,0.09397177583815972,1.2599999999999998e-05
19,0.6390905930093795,nan,0.6665490857558335,0.6258166819261661,0.6390905930093795,0.4701009300899917,0.784190453951758,0.40001646707009175,0.5500742956496939,0.9558818942348066,0.49711661129080553,0.09919243005139082,1.3299999999999998e-05
20,0.7251102917037001,nan,0.7400814816739756,0.7183100918080862,0.7251102917037001,0.5176771429448082,0.4705466422245655,0.4033454809060048,0.49063582373738457,1.0126301191992144,0.6118811812660785,0.10441308426462191,1.3999999999999998e-05
21,0.7262139232942799,nan,0.7158493647032763,0.7307816666199907,0.7262139232942799,0.3718745644633064,0.5958112951320055,0.4614011607109247,0.4600857769749017,1.0297126761201558,0.5217734623190836,0.109633738477853,1.47e-05
22,0.7049308056524981,nan,0.7041060780175034,0.7053322279473258,0.7049308056524981,0.5127260502848064,0.4048957463524573,0.3719471584526595,0.42712335463430984,1.0714396107566178,0.5373165859742484,0.1148543926910841,1.5399999999999998e-05
23,0.7170294065307771,nan,0.7298371498472991,0.7112765825397358,0.7170294065307771,0.4118122286277183,0.5733481662013591,0.4385408696926108,0.6026616538868563,0.9933473693049041,0.5878473336120802,0.1200750469043152,1.61e-05
24,0.7150733582105332,nan,0.7338522942173705,0.7056818374679379,0.7150733582105332,0.45716864673769486,0.5109368048701228,0.4116301444528201,0.5220411341252307,1.0872221883595143,0.5254908608646649,0.1252957011175463,1.68e-05
25,0.6656059137243296,nan,0.6752404635772115,0.66101992777165,0.6656059137243296,0.38867567985507756,0.47779729375333513,0.41272575618125784,0.5410856241951507,0.9515181696517954,0.5047624154029103,0.13051635533077738,1.75e-05
26,0.684789525197036,nan,0.7148089488771738,0.6709888980798256,0.684789525197036,0.44855030865510886,0.4139726097793927,0.5115254577266931,0.5196294037305382,0.9400953859942336,0.6021565898490178,0.1357370095440085,1.82e-05
27,0.698991860408753,nan,0.712557030180738,0.6925469078498526,0.698991860408753,0.4022792674166079,0.6135376183153469,0.4552494488767443,0.4819910352085539,1.0153841560214665,0.5525301889687853,0.1409576637572396,1.89e-05
28,0.6893239871159961,nan,0.6924129156395795,0.6878415743868673,0.6893239871159961,0.3966461442777961,0.3177370118058246,0.3744732110978527,0.44798624561723527,1.053744699480483,0.4690644568170145,0.14617831797047068,1.96e-05
29,0.6509456748765889,nan,0.6853385143129648,0.6356663345862289,0.6509456748765889,0.5783902671910676,0.5799300444450125,0.39771936864434876,0.48658490152658396,0.9504578188214114,0.5522962031640428,0.15139897218370177,2.0299999999999995e-05
30,0.6466737532453597,nan,0.6653731584083292,0.6382670918789738,0.6466737532453597,0.43471525705091807,0.6242218599645727,0.41268970390929055,0.4835132065255188,0.9453049905239518,0.4937149181903694,0.15661962639693286,2.1e-05
31,0.6636070821014196,nan,0.648849852162154,0.6709120604167472,0.6636070821014196,0.38956935007039584,0.7028826547502982,0.4440624283904794,0.545944014663119,0.8935453298667099,0.494220029160663,0.16184028061016395,2.1699999999999996e-05
32,0.6864669096880452,nan,0.7427845774651894,0.6602421761151711,0.6864669096880452,0.5582006966970073,0.7041866247873962,0.4949634182115826,0.4930868464266751,1.0051005794903072,0.5913842706538024,0.16706093482339507,2.24e-05
33,0.6674433252455482,nan,0.7250903710480779,0.6415876825233,0.6674433252455482,0.5263887575822389,0.4743126706288518,0.38647078684703795,0.5066313335785918,1.024715221707252,0.5665938051070449,0.17228158903662616,2.31e-05
34,0.6953840850885779,nan,0.7205754220009533,0.6834070245405629,0.6953840850885779,0.4946673792840819,0.9841459949438771,0.4751913033779644,0.5337025394148276,1.0358624900674656,0.5114731376798852,0.17750224324985725,2.3799999999999996e-05
35,0.6583810759371235,nan,0.6852692062966527,0.6466014911156331,0.6583810759371235,0.579918297938309,0.5472744538889202,0.45442024667584724,0.43381284824067323,1.0008910861793967,0.5234603012600486,0.18272289746308834,2.45e-05
36,0.7075941268434539,nan,0.7040258275152409,0.7092526856415801,0.7075941268434539,0.4115495473407234,0.5823907375654432,0.38262723259549813,0.5029423564959028,0.9970944397333692,0.5318405240548855,0.18794355167631943,2.5199999999999996e-05
37,0.6894231868194707,nan,0.7350934133174065,0.6681161085899145,0.6894231868194707,0.3997287174887951,0.4175272023796023,0.3311777890026497,0.4760905380072732,1.0796220536130132,0.6185630777753954,0.19316420588955052,2.59e-05
38,0.7040974485526101,nan,0.7682186421006921,0.6728302236668524,0.7040974485526101,0.5188621610020788,0.47309987605886267,0.4471231559409951,0.5430406008862456,1.0284619056565159,0.6550591781802223,0.19838486010278164,2.6599999999999996e-05
39,0.6486416859236341,nan,0.6294530734885491,0.6575322622533173,0.6486416859236341,0.3422195815111826,0.5292549603883132,0.4568695075082305,0.45540522615067197,0.9519918780290109,0.48759319492897785,0.20360551431601273,2.73e-05
40,0.6737680561224528,nan,0.7272200148327858,0.6477510441244271,0.6737680561224528,0.7213178799976412,0.3786819668409911,0.4618848788051459,0.5248638072039523,0.9966751685235818,0.47422875182493357,0.20882616852924382,2.7999999999999996e-05
41,0.6727478476592168,nan,0.6981731886378009,0.6608988485879093,0.6727478476592168,0.3752788228764536,0.47115741278423273,0.3917638574422093,0.5193958180912949,0.8841182289147665,0.6299793741720572,0.2140468227424749,2.8699999999999996e-05
42,0.6800891174690171,nan,0.7064374324399977,0.6677330670241108,0.6800891174690171,0.3586568720154132,0.5181771749498868,0.35718298642228447,0.4775302365709173,1.0363450874936053,0.5383980683855754,0.219267476955706,2.94e-05
43,0.6548959001285228,nan,0.6508687862660738,0.6569046941276804,0.6548959001285228,0.35576339213784935,0.5359099142619499,0.40333241222271615,0.46413693758696084,0.9494126566243203,0.4961555385594286,0.2244881311689371,3.0099999999999996e-05
44,0.7027463276455197,nan,0.8030935095157481,0.6516471378043315,0.7027463276455197,0.5101971534434591,0.7559578308144105,0.4530988915605851,0.4748817678714858,1.1184832964752056,0.6238298658685215,0.2297087853821682,3.0799999999999996e-05
45,0.6375902067074025,nan,0.6548072351142767,0.629890328859674,0.6375902067074025,0.49424593760588764,0.4213571055410078,0.3839294995965916,0.46162724399268307,0.9011259344456769,0.49682575056578154,0.2349294395953993,3.149999999999999e-05
46,0.6717813345020925,nan,0.7498892887961127,0.6350383782878495,0.6717813345020925,0.521095490166813,0.4414870959515563,0.3995541386976904,0.47455882450142156,1.1151749624138405,0.5353255227536627,0.2401500938086304,3.22e-05
47,0.6234752212189149,nan,0.6481332806870347,0.6120892142913948,0.6234752212189149,0.4592302666084898,0.45487087726338055,0.43327619409765183,0.4550629161808331,0.9323831778110022,0.505029721962587,0.24537074802186148,3.289999999999999e-05
48,0.632043005041868,nan,0.7205312182195491,0.592188902552542,0.632043005041868,0.49767906958479474,0.4590537127057065,0.5018157921428789,0.5529807257148525,0.9517336846112057,0.5766285383485606,0.2505914022350926,3.36e-05
49,0.6605954844632069,nan,0.6930827781325212,0.6465190227044703,0.6605954844632069,0.5210214310854195,0.5286197044994942,0.41727658469012635,0.5777099450753244,0.9659441674993227,0.508341458446307,0.25581205644832367,3.43e-05
50,0.6358523067584675,nan,0.6834747381508355,0.6145826936539922,0.6358523067584675,0.47046261067915324,0.5926811939349232,0.42394468673721925,0.5049113025643722,0.9572441758244602,0.5300859184250929,0.26103271066155476,3.5e-05
51,0.6663341220461979,nan,0.7371860368186655,0.6331655956105972,0.6663341220461979,0.4073845046806081,0.413089263544268,0.5281289075725979,0.5093833038019635,1.0131375462432015,0.5442916784461543,0.26625336487478585,3.5e-05
52,0.6384124556913364,nan,0.7022383981803998,0.6080207537884209,0.6384124556913364,0.6024939511593786,0.5761432064794046,0.45058876286672567,0.5570123707571413,0.9747799533525778,0.5307111419105286,0.271474019088017,3.499971492418516e-05
53,0.6253081678388197,nan,0.6736715056467801,0.6036501280033025,0.6253081678388197,0.5823464958042006,0.4888635984569548,0.4346911078954013,0.5030229929547079,0.9552608822398629,0.5033105840167108,0.2766946733012481,3.499885970604173e-05
54,0.6482012602435762,nan,0.6798725307453427,0.6326664742192131,0.6482012602435762,0.46101753029406595,0.4393385290870886,0.3481382593062324,0.5001543396579876,0.9903025726369803,0.49351305622368025,0.2819153275144792,3.4997434373472653e-05
55,0.6544968161879295,nan,0.7290657777339226,0.6194455358288445,0.6544968161879295,0.4344915926500643,0.3456029131554575,0.4534506674090337,0.467359592428927,1.0639439041062364,0.5633716409808073,0.28713598172771027,3.499543897298183e-05
56,0.6540332271509505,nan,0.7381187119829208,0.6173459657763057,0.6540332271509505,0.5615846613014177,0.5865863829555756,0.4006048521147756,0.5458992463197814,1.0133398410688095,0.5639526855606316,0.29235663594094136,3.4992873569672606e-05
57,0.6252053360505244,nan,0.6653284041676676,0.6071628381937042,0.6252053360505244,0.5376015704875471,0.4292367337700936,0.3268022284451543,0.45753732521669443,0.9343682025548328,0.47476742109402936,0.29757729015417245,3.498973824724562e-05
58,0.6364759641858124,nan,0.6713069088429772,0.620610566209531,0.6364759641858124,0.5211225982568828,0.4177608927499951,0.4036834465288458,0.5373704227055809,0.9065180163212727,0.5276144083232857,0.30279794436740354,3.498603310799612e-05
59,0.6590495780295748,nan,0.7916875465846783,0.6027482322484138,0.6590495780295748,0.4053693959156768,0.4756349005012859,0.41800474572420554,0.47728740795490854,1.0305783008518794,0.7474804283672031,0.30801859858063463,3.4981758272810586e-05
60,0.673312992980909,nan,0.7348462114957462,0.6454698951316864,0.673312992980909,0.35149833915259554,0.4443260770943811,0.3898846868833061,0.5702335252105809,1.0194396667847652,0.547944487013701,0.3132392527938657,3.497691388116277e-05
61,0.6105820513705894,nan,0.7385554206557576,0.5540757614622728,0.6105820513705894,0.3708836403231272,0.4514094709614573,0.44643328090633844,0.4916612318074445,1.051369351510938,0.5093829001312259,0.3184599070070968,3.497150009110922e-05
62,0.6439353608648886,nan,0.6966987489722671,0.619532105246213,0.6439353608648886,0.3878925490433563,0.6391959951444727,0.38437579342185896,0.4800908597655264,0.9930627450903391,0.5534050650836868,0.3236805612203279,3.496551707928404e-05
63,0.62306326968101,nan,0.7038003518246119,0.5872938008841677,0.62306326968101,0.38045139188766924,0.5303548408025438,0.49772102456424117,0.46524078102626965,1.0589317668689635,0.5488531605493707,0.328901215433559,3.495896504089319e-05
64,0.5938487988636185,nan,0.6473255413710883,0.5694732147518937,0.5938487988636185,0.36360481213824175,0.46996781032689866,0.37919995756481967,0.42224129362086016,0.9109284910731367,0.5313590736083662,0.33412186964679014,3.495184418970807e-05
65,0.6376180539269498,nan,0.707436279393733,0.6060233110572508,0.6376180539269498,0.4635411395328511,0.4711636332351537,0.4505440515502747,0.4944594341355544,1.0302405283832474,0.525036837237072,0.33934252386002123,3.4944154758058585e-05
66,0.6149354479529968,nan,0.6967905800031127,0.5753038425017152,0.6149354479529968,0.586529192607666,0.6130688423523679,0.4460053081002354,0.5104234595419163,0.9265841476847796,0.555407574957684,0.3445631780732523,3.493589699682553e-05
67,0.6215209333446535,nan,0.6407582547981296,0.6121412903253785,0.6215209333446535,0.4096174295297507,0.44394092881909186,0.3859532113435611,0.433955055486568,0.9364953558767551,0.4941189836040777,0.3497838322864834,3.4927071175432416e-05
68,0.6215610281569722,nan,0.6942456579417926,0.5870168949140917,0.6215610281569722,0.5576075422566825,0.6414154492868266,0.4758962349402883,0.5165996777050152,0.980100844859238,0.5380465948342573,0.3550044864997145,3.491767758183671e-05
69,0.6009581783086002,nan,0.6587687834398824,0.5731291521928674,0.6009581783086002,0.4843816082126481,0.30940290211339305,0.35645848002137526,0.47528678630684074,0.960009594544434,0.49278828542684927,0.3602251407129456,3.490771652252038e-05
70,0.6133237125003229,nan,0.6836296635447072,0.5807582226678711,0.6133237125003229,0.5020883976583466,0.6415582791199093,0.47299246596288474,0.46061648427589325,0.9628447820327986,0.5301273749430881,0.3654457949261767,3.4897188322479974e-05
71,0.7105312575187159,nan,0.7605186391156175,0.6866602748276907,0.7105312575187159,0.40698550007167195,0.9319767618427132,0.48868346888434544,0.5562903077401627,1.0293386351620544,0.5744387808968721,0.37066644913940777,3.488609332521591e-05
72,0.6274503748447036,nan,0.6952143971574476,0.5959083266773978,0.6274503748447036,0.4775149714063922,0.5477685297767959,0.39502332677480173,0.5243586691374743,0.9636903066420294,0.5435917591931719,0.37588710335263886,3.487443189272139e-05
73,0.5771951909742594,nan,0.6680729168001567,0.5348760061321325,0.5771951909742594,0.4926008479887327,0.7902340309684891,0.45074617152166546,0.5079996891471472,0.9448412508898274,0.5290091095661376,0.38110775756586995,3.48622044054705e-05
74,0.6084835757414624,nan,0.664626729624455,0.5813862341655461,0.6084835757414624,0.4177643151221667,0.4560519464731217,0.4549280633192677,0.43387099760781817,0.9303934125285755,0.5105408485648668,0.38632841177910104,3.484941126240582e-05
75,0.626193910728083,nan,0.7043389298487458,0.5885584131845613,0.626193910728083,0.5277682574614629,0.43796233897785164,0.3861549732364057,0.49414019539676857,0.9845321299714708,0.5144937944969282,0.3915490659923322,3.4836052880925445e-05
76,0.6237712322803634,nan,0.6805313262157149,0.5971993089461679,0.6237712322803634,0.4157413895751198,0.5929603006259625,0.42657058800241615,0.48009234004542894,0.9511496915720978,0.5621235019948729,0.3967697202055633,3.48221296968693e-05
77,0.5865174512832043,nan,0.6416530963033444,0.5594629574381426,0.5865174512832043,0.5849776063241694,0.43030151444235415,0.4219221674207071,0.460420411525854,0.8971827481295664,0.4868227394469509,0.40199037441879437,3.4807642164504976e-05
78,0.6073160400537531,nan,0.7013282379418806,0.5629699880318467,0.6073160400537531,0.4568298797932734,0.3246117256568643,0.42796690592003017,0.44512409398539565,1.0396976698220968,0.4925711262463433,0.40721102863202546,3.479259075651288e-05
79,0.6484269125803421,nan,0.7055837563239041,0.6208462722398281,0.6484269125803421,0.5337457442451433,0.576527204869182,0.37824668421481045,0.5713450328520259,0.9960896458647173,0.5320524645897279,0.41243168284525655,3.477697596397084e-05
80,0.5913944492551865,nan,0.6665954889031135,0.5567982657179296,0.5913944492551865,0.4308260819271506,0.6402789327071037,0.49453854773267614,0.4779499320813543,0.9099286532937558,0.5015153182453651,0.41765233705848764,3.476079829633804e-05
81,0.6250753215984801,nan,0.7241361881606283,0.5791333178893283,0.6250753215984801,0.6250007972732744,0.5427886483740594,0.5698349687013182,0.5234260214739225,1.0279166831068114,0.4990191173522323,0.42287299127171873,3.474405828143843e-05
82,0.572155406411251,nan,0.6777940590400251,0.526677882786264,0.572155406411251,0.3703383429318058,0.21860241288494592,0.4203916030842446,0.5161530049158799,0.9910595508834604,0.48270173029818236,0.4280936454849498,3.472675646544351e-05
83,0.6177062485755944,nan,0.6844166704975073,0.5854790280658688,0.6177062485755944,0.33449841275001824,0.45125247226716236,0.3994239121358446,0.5441182611763712,0.9780505511557439,0.49124072800744806,0.4333142996981809,3.4708893412854467e-05
84,0.6476113888671949,nan,0.7503203214146197,0.5975473147133384,0.6476113888671949,0.5743574507206323,0.48444039944480055,0.6660477820552104,0.5483659681511655,1.0235314707752405,0.6154886345958969,0.438534953911412,3.469046970648383e-05
85,0.5262346365371425,nan,0.586730154546176,0.4991132709159218,0.5262346365371425,0.4737619956437357,0.18758301594606733,0.46748187759119564,0.40347297324241477,0.8368413832842704,0.4756813177365545,0.4437556081246431,3.467148594743638e-05
86,0.5889727666255387,nan,0.6301577286860237,0.5697719634955253,0.5889727666255387,0.3814111405616221,0.35054495650768763,0.3482923422952745,0.48005251324492315,0.9075216741856329,0.46811700233296893,0.4489762623378742,3.465194275508957e-05
87,0.6232224588001234,nan,0.6699144996985247,0.6018415666082966,0.6232224588001234,0.365255047447857,0.5349358494275609,0.39666252701958177,0.5107232570143664,0.9483046029830562,0.4951614338576035,0.45419691655110533,3.463184076707334e-05
88,0.6151638893483182,nan,0.7307345289736991,0.5607120316557326,0.6151638893483182,0.46611653245901635,0.5834515063996613,0.450707846850623,0.5119274473645161,0.9983900582586651,0.5498636251290859,0.4594175707643364,3.461118063924927e-05
89,0.5605000758123178,nan,0.6310583539307122,0.5284229900190301,0.5605000758123178,0.4663373297624357,0.5141684019027799,0.35061178078469957,0.4366765895420017,0.904959569021397,0.5004566287898229,0.4646382249775675,3.458996304568921e-05
90,0.5973977894661259,nan,0.6764009459875527,0.5602445449048665,0.5973977894661259,0.33754500670511883,0.9044502984774397,0.4900858651333332,0.5405092657858959,0.9364333620890415,0.5249779987784382,0.4698588791907986,3.456818867865328e-05
91,0.6212105802216656,nan,0.7071277724326693,0.5811849220749732,0.6212105802216656,0.556475566051631,0.5707895149122885,0.40661586128263427,0.5585157289792338,0.991324248176303,0.5220575458846742,0.4750795334040297,3.4545858248567276e-05
92,0.6139606408764341,nan,0.6874558681708738,0.5807123303189388,0.6139606408764341,0.4205078625372979,0.5031060563742847,0.5409889804557759,0.46409154066229785,0.9703302990718908,0.4986868866611301,0.4803001876172608,3.45229724839995e-05
93,0.6184851397888166,nan,0.7324209139915192,0.5643568137280418,0.6184851397888166,0.5980386573234238,0.4883099762366557,0.4146987907227717,0.5512226518251797,0.9863092939336185,0.5655057184948665,0.4855208418304919,3.449953213163699e-05
94,0.6215887918677284,nan,0.7173686821592712,0.5731199926864339,0.6215887918677284,0.5174687182564978,0.4436530474701833,0.39277296539161344,0.5006887417964488,1.0217485917022444,0.5535932530977196,0.49074149604372297,3.447553795626116e-05
95,0.605295565906505,nan,0.695936776930467,0.5652942801562049,0.605295565906505,0.30685539956582547,0.601017443077476,0.3808136910244206,0.5329070367213892,1.0537941438103704,0.496749791061701,0.49596215025695406,3.445099074072282e-05
96,0.5833623324911109,nan,0.6550200025190811,0.5518570005947615,0.5833623324911109,0.4616079610308502,0.46343276937958494,0.35924509583627895,0.46754180708410725,0.9237361902846845,0.4997554374104308,0.5011828044701852,3.44258912859167e-05
97,0.6001976828632224,nan,0.7060567815788097,0.5508734527863477,0.6001976828632224,0.49135396982839197,0.5804148631084423,0.4176447338956809,0.5062784107192897,0.9987832584807802,0.5425109325049298,0.5064034586834163,3.4400240410755223e-05
98,0.6292874975684651,nan,0.7729694403908138,0.5665913989600502,0.6292874975684651,0.5170603100372769,0.4277582257778825,0.5099033211748835,0.518124472832501,1.051999565551476,0.6026187779295847,0.5116241128966473,3.4374038952141886e-05
99,0.5899049923745329,nan,0.6578272093344835,0.5582501681443636,0.5899049923745329,0.3704655627537859,0.4676987622771659,0.43872149240610925,0.43623931560676876,0.9765825157747805,0.48554709445439165,0.5168447671098785,3.4347287764943874e-05
100,0.589753447381417,nan,0.7216944125068502,0.5266727184389252,0.589753447381417,0.5012977317709529,0.38875696911780966,0.39910867020303387,0.490165012680926,1.0255700802649321,0.5456950934958275,0.5220654213231095,3.431998772196423e-05
101,0.6557113655333736,nan,0.758040617725747,0.6096145223760241,0.6557113655333736,0.4419983213603359,0.563340842301411,0.4515917451605361,0.5502878505264529,1.0293671510612354,0.6179725611693533,0.5272860755363407,3.429213971391334e-05
102,0.577365568313299,nan,0.6662038104841489,0.5351882929743165,0.577365568313299,0.3688573995978809,0.7160780841587009,0.38420233937415266,0.5436377602992586,0.9328565521825252,0.4538496098427306,0.5325067297495717,3.426374464937987e-05
103,0.628972016127431,nan,0.7394385633524513,0.5782985355908618,0.628972016127431,0.3712872470280483,0.45046665040611983,0.4693893061352858,0.5501429668803043,0.9970594742220283,0.5892969393489019,0.5377273839628028,3.4234803454801176e-05
104,0.567636718733273,nan,0.68570072223334,0.5157244808955301,0.567636718733273,0.6693948926762725,0.3744602751723209,0.28356569115733626,0.5446117633024108,0.9389285382800185,0.52672330986463,0.542948038176034,3.4205317074432975e-05
105,0.5851734597354066,nan,0.703423668861855,0.5298119001222389,0.5851734597354066,0.446849247985544,0.5654532695820303,0.5155354466290429,0.4983834134138204,0.9909505424789011,0.5387550650774546,0.548168692389265,3.4175286470318655e-05
106,0.6329248358711427,nan,0.7035916126333179,0.5996148021087486,0.6329248358711427,0.5979041786825297,0.5266751216194342,0.37565147840373847,0.5088357629911908,0.9776143741268091,0.5479857659522329,0.5533893466024962,3.4144712622257804e-05
107,0.6221462373276203,nan,0.7102440616581592,0.5795572955178754,0.6221462373276203,0.5510192204327122,0.47229431106119724,0.45077238408008685,0.5088952546059208,1.0458409053196385,0.49689772877989474,0.5586100008157272,3.411359652777428e-05
108,0.5767383738230951,nan,0.6800317701417956,0.5282917387842547,0.5767383738230951,0.40764781321496046,0.5796770751298894,0.3495515712073145,0.4827274103167795,0.9941226985625885,0.5330198278932339,0.5638306550289583,3.4081939202083626e-05
109,0.5659574150646144,nan,0.68135344516486,0.5148056910356189,0.5659574150646144,0.47867616436624716,0.5822838603506263,0.41695036370367433,0.5006750539478264,0.9741358802386837,0.5091518941990731,0.5690513092421894,3.404974167806001e-05
110,0.5977986238517324,nan,0.6891206458676613,0.5559642191781399,0.5977986238517324,0.5320501934462765,0.6711174952080312,0.5146744670659354,0.5468331254719953,0.9871489303177485,0.5306865501262146,0.5742719634554205,3.401700500620248e-05
111,0.6518763142695867,nan,0.7696754225208288,0.5953604698339264,0.6518763142695867,0.44515327639417085,0.508146419117591,0.4795344321162633,0.5726089709003975,1.043740304742931,0.574348336713392,0.5794926176686516,3.3983730254600696e-05
112,0.6271560675105317,nan,0.7316025707034901,0.5779698237908211,0.6271560675105317,0.36379434556599927,0.4235878790729717,0.46080212218706396,0.46979344489955743,1.021088976252643,0.5846413781357315,0.5847132718818827,3.394991850890007e-05
113,0.5573893512385122,nan,0.6857306605902482,0.49870669902138115,0.5573893512385122,0.4602655152147781,0.42008375725912556,0.42806424325270526,0.45548915005806256,1.0031861601512977,0.5180310634362525,0.5899339260951137,3.391557087226639e-05
114,0.609200740672465,nan,0.6896664339583374,0.5727556525632259,0.609200740672465,0.38096675954226944,0.3391095397277521,0.43316049542335017,0.5441025245511018,0.9192085848848413,0.5535306687974734,0.5951545803083449,3.388068846534978e-05
115,0.5987612903252688,nan,0.7033634409131317,0.550066306967749,0.5987612903252688,0.4533349789158179,0.7097907625733509,0.44502669192068467,0.5321667243825786,0.8919903363690379,0.6105967574325556,0.600375234521576,3.384527242624817e-05
116,0.5299117443065897,nan,0.6372855915048098,0.4791691698053772,0.5299117443065897,0.4988899869482107,0.45719259063654066,0.4231350898660949,0.45553538473639094,0.9022388577918814,0.4904326106419211,0.6055958887348071,3.380932391047013e-05
117,0.6009476986269113,nan,0.7520681906025857,0.5319201860787725,0.6009476986269113,0.44669923930228633,0.41918963882612226,0.4404218017832788,0.49328311359181,0.9807683569060638,0.704779512115744,0.6108165429480382,3.377284409089719e-05
118,0.6150854671876719,nan,0.7787555869810314,0.5361463865751367,0.6150854671876719,0.49078803431537427,0.4525351909079484,0.41524448568098715,0.5085535369697448,1.052779361531905,0.6455092256164259,0.6160371971612693,3.373583415774559e-05
119,0.5894995715687841,nan,0.6932088402099912,0.5406701697719651,0.5894995715687841,0.4579873342752714,0.5572701517645897,0.5510319519954436,0.5187754096529225,1.0335121043133217,0.526839539018831,0.6212578513745004,3.3698295318527406e-05
120,0.5498065525214472,nan,0.6535201785154646,0.4972527822952496,0.5498065525214472,0.5297505597452622,0.550998979210198,0.3850020823822884,0.4783976011423242,0.9053000522803227,0.4671530510518988,0.6264785055877314,3.36602287980112e-05
121,0.5951764435438628,nan,0.7192808034256704,0.5343308933925421,0.5951764435438628,0.39954570097809683,0.4469052497826156,0.46011279477879485,0.4737336001234955,1.0250041392293248,0.5274989337101283,0.6316991598009626,3.3621635838182e-05
122,0.5563218012389165,nan,0.6585931484587495,0.5077061978287704,0.5563218012389165,0.4014604069577226,0.48301470854036344,0.38887288612404974,0.5079655129673755,0.97824971989306,0.45818907470158554,0.6369198140141936,3.358251769820085e-05
123,0.5988547115230655,nan,0.6930023308377713,0.5557469185288172,0.5988547115230655,0.4172286132505998,0.5251452330869127,0.44061974865523573,0.5269976274296096,0.9614908901120065,0.49722398781597466,0.6421404682274248,3.354287565436367e-05
124,0.5692143871234275,nan,0.6925777860451495,0.5130857103182705,0.5692143871234275,0.37896500291758034,0.48943598329961646,0.41443542008863404,0.5750451180456659,0.9528525828783839,0.5462207416362099,0.6473611224406558,3.3502711000059615e-05
125,0.5271737153656583,nan,0.6587932671055411,0.46818323028212216,0.5271737153656583,0.34745068097735365,0.47176996191206594,0.40661694596172276,0.46145274870557484,0.9624354155538989,0.46811693017100425,0.652581776653887,3.346202504572895e-05
126,0.5640614475404652,nan,0.6315252152271574,0.5295820297942458,0.5640614475404652,0.4580407773607764,0.41401013436336676,0.41634866511100216,0.4721984082482165,0.9282206178134873,0.45622050401296843,0.657802430867118,3.3420819118820205e-05
127,0.616828113956124,nan,0.6826698946263426,0.5843707062198302,0.616828113956124,0.37023508035531916,0.5739569734660351,0.4675368591648461,0.4770475768429259,1.0075667966437638,0.49058412048978967,0.6630230850803491,3.33790945637469e-05
128,0.5600583498097838,nan,0.7046382176064695,0.48995029214262065,0.5600583498097838,0.695319891976977,0.535337516597346,0.5357518345664327,0.4528022864985564,0.9572513986857694,0.5661646971747571,0.6682437392935803,3.333685274184369e-05
129,0.6268049498704971,nan,0.7088877232184911,0.5902105025649443,0.6268049498704971,0.5995880184590026,0.6354855014874705,0.5194030150315194,0.48538418038719133,0.9718334531118907,0.5437683261533343,0.6734643935068113,3.329409503132194e-05
130,0.5726443770292031,nan,0.6805697571253407,0.5241523284044622,0.5726443770292031,0.38059485031087,0.5789767986549154,0.4493630720023834,0.473546797764835,0.9658340022262181,0.5394603310644107,0.6786850477200425,3.325082282722476e-05
131,0.5411660841796604,nan,0.6672285532113174,0.48298770649030925,0.5411660841796604,0.5405135497116889,0.6956397581012836,0.4404793779745687,0.4980240884298084,0.935303694715367,0.5280233374208636,0.6839057019332735,3.3207037541381485e-05
132,0.5951900825971348,nan,0.741626557661221,0.5287753050193865,0.5951900825971348,0.41479466592275555,0.5601793046304882,0.4714599558740227,0.45506827044648984,1.0266399557944896,0.5345030598392289,0.6891263561465046,3.316274060236163e-05
133,0.569458760389093,nan,0.7173722304869444,0.5036214815060569,0.569458760389093,0.5897098047583333,0.3651196758320552,0.41432140873458373,0.5014915010336495,0.9514015984320309,0.6126595587281314,0.6943470103597357,3.311793345542824e-05
134,0.6202566100899546,nan,0.7461097415070985,0.5605017716058243,0.6202566100899546,0.4830545692182368,0.3776812925534222,0.4869752897767325,0.5301677641908729,1.038953229407966,0.5702020040311074,0.6995676645729668,3.307261756249078e-05
135,0.5864510821646166,nan,0.7167731723748153,0.5268132204138471,0.5864510821646166,0.5565615078070466,0.3862394686365704,0.3774340973524232,0.4729867575122848,0.9720399455395319,0.613168882904124,0.7047883187861979,3.3026794402057426e-05
136,0.5901499627918224,nan,0.7110832666512586,0.537016869320026,0.5901499627918224,0.48146961803975485,0.5378220812772129,0.42057811243028514,0.4276194985438745,0.9318892659912649,0.6272782828569708,0.710008972999429,3.29804654691868e-05
137,0.5471241422028632,nan,0.6852744835196064,0.4826629227560337,0.5471241422028632,0.40449164624804906,0.4745519928180189,0.477454336382126,0.5206061452580756,0.9264517136385093,0.5269200582566983,0.71522962721266,3.293363227543923e-05
138,0.5943625021048833,nan,0.7106055157542893,0.5408582867398736,0.5943625021048833,0.4673073405637286,0.5745994338522785,0.5205799031428139,0.48397397278902426,1.0079423567408663,0.5486113119921101,0.7204502814258912,3.28862963488274e-05
139,0.5564203944956638,nan,0.6634134325431663,0.5055718895513995,0.5564203944956638,0.5029198210349518,0.607098399013605,0.4417394220052958,0.5099979872370626,0.909187364010796,0.5025103456162683,0.7256709356391223,3.283845923376651e-05
140,0.5663636157069276,nan,0.6742181373169439,0.5141179226894039,0.5663636157069276,0.4450416585327871,0.4957042253270998,0.3888814528107532,0.45850560228728116,0.9617895574461025,0.4983255646811728,0.7308915898523534,3.2790122491023905e-05
141,0.5040583608788205,nan,0.6349683298993919,0.4444733664401128,0.5040583608788205,0.39200918855591177,0.5668120479814479,0.37731385865267486,0.46109913250124146,0.8995105262320703,0.5073674234390467,0.7361122440655845,3.27412876976681e-05
142,0.592327303594442,nan,0.7285523954778915,0.5259873906197082,0.592327303594442,0.4961860974437414,0.501176688863708,0.47595396446485566,0.49277760376613866,1.0252835238042122,0.5372711154438006,0.7413328982788155,3.26919564470174e-05
143,0.5645013259796036,nan,0.7369712949730458,0.481597658920622,0.5645013259796036,0.42611604987842794,0.5413760554931712,0.4572627606883577,0.6382493000697974,0.9833709445982056,0.5348491802342821,0.7465535524920467,3.2642130348587837e-05
144,0.6084191055963755,nan,0.7463151970272995,0.5424311106578277,0.6084191055963755,0.4652168573940553,0.587806494809963,0.39538186476540366,0.4876705704247512,1.0192245047162363,0.6546280527195157,0.7517742067052777,3.259181102804072e-05
145,0.5301685553829906,nan,0.649234732911967,0.47538248347429574,0.5301685553829906,0.5281317131256531,0.36880397676846616,0.3815840195410977,0.4610839074760422,0.8997302753667645,0.431844457738785,0.7569948609185089,3.254100012712956e-05
146,0.5740906031290307,nan,0.6962419784279935,0.5188970819841731,0.5740906031290307,0.475769412041055,0.4550208803782845,0.36243315285280714,0.5220778764534552,0.9291746750089576,0.5627111113112244,0.7622155151317399,3.248969930364652e-05
147,0.5637403209088672,nan,0.7033848722931002,0.5001486962256076,0.5637403209088672,0.5465121354477908,0.5554619611477383,0.47525361252310855,0.4704750093839014,0.9964297641597466,0.5217627897406195,0.767436169344971,3.2437910231368294e-05
148,0.5180108046920766,nan,0.7083334722556175,0.4313969771640969,0.5180108046920766,0.41363032356774276,0.482710299250007,0.43700941601020565,0.5331037030113599,0.926482557897897,0.5640230731663164,0.7726568235582021,3.238563460000158e-05
149,0.5721138084290449,nan,0.7739641894586388,0.48116472831347645,0.5721138084290449,0.6524051258546405,0.5580026911406576,0.4094477992328216,0.5519765017478262,1.0764252888771806,0.5506082170486795,0.7778774777714332,3.233287411512783e-05
150,0.5739892619488336,nan,0.6559347803704442,0.5352618904510809,0.5739892619488336,0.45847045390020597,0.5010438620761558,0.44465938759679663,0.45085829151854623,0.9054843373137242,0.5093476936379561,0.7830981319846644,3.227963049814771e-05
151,0.5603856109613922,nan,0.6982532613910738,0.49920807869888,0.5603856109613922,0.3876076166806563,0.4780267833909316,0.4198723358217653,0.43987499693213394,1.0045073346426896,0.549964093008755,0.7883187861978954,3.222590548622489e-05
152,0.5439235902231062,nan,0.6693216404455287,0.48517659777337946,0.5439235902231062,0.49821269897070564,0.4682234823342947,0.43946728093282345,0.44727562513276603,0.9090006821412419,0.5407944114248733,0.7935394404111266,3.217170083222935e-05
153,0.5763089268100738,nan,0.7093682144768543,0.5130648060882563,0.5763089268100738,0.44528880088988043,0.5115742443438585,0.4470211876913606,0.5240324157455422,1.0182672983494134,0.49372199989656673,0.7987600946243576,3.2117018304680225e-05
154,0.5818634501016654,nan,0.732475595083088,0.5122740808780192,0.5818634501016654,0.5313129015364726,0.39232374927279023,0.434395753772037,0.5463306910450877,0.984140844860343,0.6117359918608726,0.8039807488375887,3.2061859687688086e-05
155,0.530589346535735,nan,0.7186757712624974,0.44369048091746854,0.530589346535735,0.4883255271202757,0.5543014519356819,0.3912289654526318,0.4939675875400245,0.9857442973297932,0.5124520602594251,0.8092014030508198,3.200622678089673e-05
156,0.5717588224028884,nan,0.7524614140857011,0.4849469983670903,0.5717588224028884,0.4251560286346704,0.6722101663702359,0.4702387823472724,0.4588453330346252,0.9310318792075583,0.6828214267024475,0.8144220572640509,3.195012139942447e-05
157,0.5032754143286924,nan,0.6155002199811862,0.4532406811760243,0.5032754143286924,0.46511724050207204,0.4937416287543253,0.3362667530557512,0.5023159555274859,0.8880725651843813,0.46739911623729546,0.819642711477282,3.189354537380491e-05
158,0.5578512066806358,nan,0.7002614452503625,0.48945614206247423,0.5578512066806358,0.50217645372655,0.5069318299532212,0.4354600395032288,0.5485779389762679,0.941530138569515,0.5244499537447064,0.8248633656905131,3.1836500549927196e-05
159,0.5570213961104341,nan,0.6808725093724208,0.4997520308047697,0.5570213961104341,0.4993591234752845,0.3391377079176537,0.4889382068956746,0.5207014558273545,1.002836732356568,0.47365410302125294,0.8300840199037441,3.177898878897586e-05
160,0.5238866875539053,nan,0.6390763322625016,0.4712930058721205,0.5238866875539053,0.5406523800030852,0.4498927492675035,0.3525098901876242,0.46373975021761105,0.9292462841299493,0.45029920340676,0.8353046741169753,3.1721011967370024e-05
161,0.569074793155241,nan,0.6946062869392338,0.5104970261761367,0.569074793155241,0.49771848245063893,0.5652973414613178,0.4310298877286139,0.4770734835429071,0.983293102003408,0.5360879097112149,0.8405253283302064,3.1662571976702204e-05
162,0.5727431673770202,nan,0.690075706224889,0.5173357694110259,0.5727431673770202,0.5515543133767444,0.4644205868350609,0.5102036160020701,0.49257280687612115,0.9434515656070062,0.5491668379381485,0.8457459825434375,3.160367072367661e-05
163,0.5507975988657613,nan,0.7113913022515951,0.47529134320453353,0.5507975988657613,0.4588929404340245,0.6566047886113325,0.39893596765283995,0.5206230182636418,0.9283864938580151,0.612403704849428,0.8509666367566686,3.1544310130046896e-05
164,0.5207371797647335,nan,0.650903918081895,0.46221217389315583,0.5207371797647335,0.46847166188766964,0.4439831919418174,0.3888765344608195,0.5156068239529958,0.9108652088184933,0.47629924923707645,0.8561872909698997,3.1484492132553526e-05
165,0.5107946988116261,nan,0.6987228171201428,0.426926600662154,0.5107946988116261,0.46018572567152927,0.4721374126762151,0.4544068028825621,0.45513676206643755,0.9402698266830496,0.5063016724013072,0.8614079451831308,3.14242186828605e-05
166,0.523321223238415,nan,0.6496536955064272,0.4648414392934904,0.523321223238415,0.41799246316531696,0.3880552441488036,0.4575506499371468,0.4900151571693068,0.8943040959842274,0.4941987131031458,0.8666285993963618,3.136349174749176e-05
167,0.4931245848468485,nan,0.6368484949015902,0.42937829283009366,0.4931245848468485,0.5835034393954596,0.5935570935684223,0.37462247285538225,0.47803842292701654,0.901413398158082,0.4972673635656922,0.871849253609593,3.130231330776695e-05
168,0.5681021213660526,nan,0.7080979438615036,0.5062935207886919,0.5681021213660526,0.4059662326514281,0.5081462182602752,0.43070326532134,0.4747240153129077,1.007732245415242,0.47829962410398247,0.877069907822824,3.124068535973686e-05
169,0.5419790445939908,nan,0.7215963877848722,0.4555120016799177,0.5419790445939908,0.43856776799951425,0.4512826017840626,0.44623510563656577,0.4490912221881026,1.0038494540683767,0.5052101673582903,0.8822905620360552,3.1178609914118205e-05
170,0.5151144392958017,nan,0.6690346942050388,0.44251665706028126,0.5151144392958017,0.42045122171199617,0.5258980667369364,0.3961144587529908,0.5586070507097265,0.9103922125098166,0.5224890792031153,0.8875112162492862,3.11160889962281e-05
171,0.47605491686513096,nan,0.5793973412364726,0.42864182121325634,0.47605491686513096,0.4842121080362747,0.5281055918198893,0.3930427953743829,0.3971775581614549,0.8372919008725754,0.42039328155415195,0.8927318704625173,3.1053124645917966e-05
172,0.5384866551110581,nan,0.681371240044601,0.46863347565079205,0.5384866551110581,0.36779268184541897,0.45348877819573014,0.37124269602877913,0.5826198025602061,0.9156327710255423,0.5125325164479225,0.8979525246757484,3.098971891750692e-05
173,0.59794816295086,nan,0.7241712805116556,0.5407242694943618,0.59794816295086,0.511891306855817,0.39843953766687185,0.4458188221547381,0.5274227867240413,1.0391346172310538,0.4986065301980891,0.9031731788889795,3.0925873879714806e-05
174,0.5237258690183024,nan,0.6066016874220606,0.4837411165500151,0.5237258690183024,0.5467259944690186,0.4862139038287286,0.40644064929896606,0.4226591536310891,0.8635077515689026,0.42181429112755237,0.9083938331022107,3.086159161559471e-05
175,0.5554545110431441,nan,0.6758340223977886,0.49779893582539897,0.5554545110431441,0.6047451013890295,0.4676930301755833,0.40628146673925897,0.3914735174010846,0.9573002560531794,0.5619205838772102,0.9136144873154417,3.079687422246495e-05
176,0.5560525097279615,nan,0.6688033132813873,0.5069844211090594,0.5560525097279615,0.3265627930943514,0.4391059123420755,0.45382695625221203,0.4779029566635298,0.9062004526073845,0.5590728028505383,0.9188351415286728,3.0731723811840665e-05
177,0.5409337395653065,nan,0.6932797150547475,0.4668708047610007,0.5409337395653065,0.3966733338155858,0.5145065577983455,0.4078683434681244,0.5156982432324871,1.0120699823622843,0.5142129335596608,0.9240557957419039,3.0666142509364926e-05
178,0.5535626283237032,nan,0.6261873841285706,0.5185453085444909,0.5535626283237032,0.5162877907570196,0.5501756569729058,0.3396969723210038,0.42343427500244585,0.9384329206793927,0.4443355676044029,0.929276449955135,3.06001324547394e-05
179,0.5408607434607978,nan,0.7115186103619641,0.4610970914924825,0.5408607434607978,0.45459060580456456,0.4189255759808263,0.415045273192586,0.4512465281900571,1.0234180860512607,0.5130707049796276,0.9344971041683661,3.053369580165452e-05
180,0.5395326469526166,nan,0.6860202876850967,0.46718772749469706,0.5395326469526166,0.40128689515485566,0.504577136199856,0.4938447975552351,0.5076602160816033,0.9949858534710292,0.5021632877272535,0.9397177583815972,3.046683471771921e-05
181,0.534402235922569,nan,0.6533640630257445,0.4805207332000045,0.534402235922569,0.37563446586158705,0.4235392222351847,0.3923576434199971,0.5166631872818989,0.929350529569302,0.42527408095497976,0.9449384125948282,3.039955138439017e-05
182,0.5682360190486396,nan,0.7599902126239616,0.47279126693259405,0.5682360190486396,0.7612357026495851,0.560176146374646,0.4636819144095189,0.5859738256096262,1.0388865938932912,0.572829775530389,0.9501590668080594,3.0331847996900725e-05
183,0.5376825543775351,nan,0.6897884116042405,0.4665005591500319,0.5376825543775351,0.4603981499769953,0.44547225827495807,0.5195330051044973,0.4683864452541137,0.9349397075755418,0.5388702163508031,0.9553797210212904,3.0263726764189165e-05
184,0.5348804533295703,nan,0.7320104660275293,0.4489013154958637,0.5348804533295703,0.4050177067376464,0.628999566542916,0.35855124957293133,0.426840076148495,1.1012970045278039,0.5518067479767927,0.9606003752345216,3.0195189908826693e-05
185,0.4811117980570785,nan,0.6321994464281838,0.4119766170916456,0.4811117980570785,0.43574734197550297,0.463073009129428,0.3804657563772976,0.44847734283523877,0.8869247257347219,0.4700164661988979,0.9658210294477527,3.012623966694492e-05
186,0.5348646070777272,nan,0.6523834594732134,0.48122754615283475,0.5348646070777272,0.41406076099100353,0.4708709615922195,0.42989407858203654,0.5431475121481172,0.9023904664835741,0.4898046224621778,0.9710416836609838,3.005687828816289e-05
187,0.5343595793865167,nan,0.7094410771969708,0.45657482604985405,0.5343595793865167,0.4221137710886281,0.39272133262456166,0.39823848544941937,0.47809210804283253,1.031499230402327,0.5403361542496676,0.9762623378742149,2.9987108035513674e-05
188,0.5180232493312658,nan,0.696729243267328,0.4348599364707789,0.5180232493312658,0.46382189884039365,0.3340678420026748,0.4506725588954324,0.5099122443652032,0.9850834137896798,0.5394621497480785,0.9814829920874459,2.9916931185370575e-05
189,0.5541932914402772,nan,0.6852696635178294,0.49558876317150097,0.5541932914402772,0.3744997552314605,0.4869642326398955,0.4737887626621245,0.47557934254140605,0.9895014537905064,0.4929749351270717,0.9867036463006771,2.9846350027372818e-05
190,0.5557816204018925,nan,0.6827108766301538,0.49713101241195706,0.5557816204018925,0.4849799367068413,0.4654075886800568,0.48846558047664046,0.4852876138452251,1.0162194739450623,0.46876567277121073,0.9919243005139081,2.9775366864350854e-05
191,0.5162418620916006,nan,0.6532182156806813,0.45296150288849063,0.5162418620916006,0.4197574471701753,0.5786005742632586,0.40164428130155194,0.46329846411823744,0.9878529277253904,0.4798031605086139,0.9971449547271393,2.9703984012251256e-05
192,0.5261530664872556,nan,0.6984177101403476,0.44721788713140187,0.5261530664872556,0.5058120415089864,0.5628150961992723,0.3873175517980321,0.5266983693476281,0.9976291161467248,0.516413223006689,1.0023656089403703,2.9632203800061097e-05
193,0.553031146414898,nan,0.6916455831378703,0.4899699737594214,0.553031146414898,0.34507795535597174,0.5495220610824556,0.5310164876035,0.5073310119166279,0.959810160768424,0.5583652947286826,1.0075862631536014,2.9560028569732028e-05
194,0.5379579391231182,nan,0.6937177810031449,0.4634879034981677,0.5379579391231182,0.4412001127583809,0.5352673107460881,0.4007238722763819,0.5042642887406551,1.0477565282353136,0.46870883000248054,1.0128069173668326,2.9487460676103832e-05
195,0.5428573361947004,nan,0.7170424894429749,0.46149679543718103,0.5428573361947004,0.37968049629910944,0.5164249662517861,0.5160627255717061,0.4521418478435429,0.9447802293308734,0.6430392880394753,1.0180275715800635,2.9414502486827602e-05
196,0.5544222987935098,nan,0.6807994559162951,0.49337249573291364,0.5544222987935098,0.3486652010963324,0.4926093264480904,0.5353534978979386,0.4974924604941927,0.9637620575505537,0.5248872634404896,1.0232482257932947,2.9341156382288486e-05
197,0.5583412895203093,nan,0.761727027129382,0.4614898374460879,0.5583412895203093,0.49089755998540424,0.5096713256929165,0.4229273042306687,0.4604144478115332,1.0371797889584604,0.6652933846292435,1.0284688800065258,2.926742475552803e-05
198,0.5345307054197826,nan,0.6878094249404969,0.46443699349827183,0.5345307054197826,0.3851931960065183,0.5066380002441215,0.47821659393502614,0.47699283039724805,1.0348540274453533,0.5114035996928116,1.033689534219757,2.9193310012166108e-05
199,0.504581160540653,nan,0.7026151073537226,0.41169092362589343,0.504581160540653,0.6368301910796345,0.3474056320156155,0.439164897873738,0.5105376696140917,0.9226436784653353,0.60768557235179,1.038910188432988,2.911881457032241e-05
200,0.58278876217616,nan,0.7598736479412767,0.4908705786469809,0.58278876217616,0.5063511020602431,0.431162099385298,0.4379588641237571,0.5146222244624419,1.0583770789965927,0.5320653428146986,1.044130842646219,2.9043940860537567e-05
201,0.5029149546914801,nan,0.6850408886699354,0.41745973133046843,0.5029149546914801,0.4830387782811447,0.3510942440348514,0.44018882455140135,0.4653324900563652,0.9820110776133727,0.49955198229085823,1.0493514968594502,2.8968691325693856e-05
202,0.5580143162389635,nan,0.6526360639836645,0.5130869785658991,0.5580143162389635,0.47784425594522817,0.38459633969866724,0.3297855422354041,0.49544103830986463,0.8818507619596889,0.5293912881310735,1.0545721510726813,2.889306842093547e-05
203,0.5270611312528405,nan,0.7043425894808026,0.4454433375841621,0.5270611312528405,0.42786127561968745,0.6086949345329082,0.4250348801254186,0.48296200987920124,0.9944038034746405,0.5631160040745995,1.0597928052859125,2.8817074613588446e-05
204,0.5150156391968849,nan,0.6837556816530332,0.43346400803997087,0.5150156391968849,0.511885622633109,0.4022546697455461,0.42131902200318644,0.4581294084295934,0.9468600091192357,0.5398660113532296,1.0650134594991434,2.874071238308014e-05
205,0.4836863057208846,nan,0.6555874194255689,0.40619635343726707,0.4836863057208846,0.43989840285171566,0.43838123769496395,0.4155251597056653,0.5213058077873398,0.934582050884923,0.4631515718821221,1.0702341137123745,2.866398422085835e-05
206,0.4438467205573586,nan,0.6308878144482158,0.3618093970295334,0.4438467205573586,0.5410935256079608,0.5192464473364774,0.3873501645912502,0.45011387985039003,0.8712122317930118,0.49897058780571707,1.0754547679256057,2.8586892630310007e-05
207,0.528831165757126,nan,0.6600920250639324,0.4694918133560424,0.528831165757126,0.4578797162276254,0.46652204850878776,0.4030788755916437,0.4277034213243106,0.9223294100362623,0.5122938271773607,1.0806754221388368,2.850944012667952e-05
208,0.5417652389010065,nan,0.6471943220208849,0.4929708710702888,0.5417652389010065,0.4391116219005365,0.5243561682549276,0.4172957671856662,0.5042041092382764,0.9008116010328917,0.47185596293203036,1.085896076352068,2.84316292369867e-05
209,0.5543792673927945,nan,0.7462395852198831,0.4667230650178206,0.5543792673927945,0.666210328119422,0.5765845955547112,0.3301483954242553,0.5175266459506742,0.9831631853161321,0.6001328218765961,1.091116730565299,2.8353462499944302e-05
210,0.5388741885356703,nan,0.6766513191539494,0.47522927739502663,0.5388741885356703,0.3714650404100489,0.49833617961996207,0.4613327163180946,0.46156585908582576,1.0052323848317763,0.4981948874065705,1.09633738477853,2.827494246587523e-05
211,0.45579461713312286,nan,0.6399313803236562,0.3733265980074379,0.45579461713312286,0.48642535915525703,0.5502383732780193,0.3842707193486481,0.4513788996753288,0.9427934627397584,0.4944837261404195,1.1015580389917612,2.819607169662928e-05
212,0.4693711111269922,nan,0.6840997778344898,0.3773716038427223,0.4693711111269922,0.5400540308379408,0.48113992510273756,0.43586623822465953,0.459280936691185,0.9673232743761708,0.5236482207243718,1.1067786932049923,2.81168527654996e-05
213,0.49326267417686653,nan,0.657397433300503,0.41287610376550893,0.49326267417686653,0.4712409209156173,0.40511567773638474,0.41574212458540627,0.43977435678740895,0.919702084242628,0.5274354203129287,1.1119993474182233,2.80372882571387e-05
214,0.523611218412607,nan,0.6719703627385623,0.4559532079022026,0.523611218412607,0.5450415106888875,0.5282095902161915,0.3543040151306743,0.5047983183101745,0.9359273139087083,0.47106601141149185,1.1172200016314544,2.795738076747414e-05
215,0.48660271706850544,nan,0.6440283830436506,0.4155231279587891,0.48660271706850544,0.45528496385188005,0.5452027205024765,0.4081771719989656,0.5030523202294437,0.8605067136156879,0.49501174332894854,1.1224406558446856,2.7877132903623834e-05
216,0.4921924606212222,nan,0.6357202973449606,0.4264203498573934,0.4921924606212222,0.5059435817854856,0.3411911205199865,0.3757259091403427,0.42458357281757747,0.9389372044497929,0.47373830346735735,1.1276613100579167,2.7796547283810965e-05
217,0.5109101265573869,nan,0.6664400958688931,0.43924541978232773,0.5109101265573869,0.45866624072735224,0.6033476117228077,0.31352391484401543,0.4336291628078787,0.9602619935543383,0.5049662603046208,1.1328819642711476,2.771562653727861e-05
218,0.5189733847000277,nan,0.6153336521238092,0.4758028198796665,0.5189733847000277,0.4489345239427973,0.5338218829923468,0.28750791127186576,0.48269063238352294,0.8974166872972066,0.4665568541213845,1.1381026184843788,2.7634373304203894e-05
219,0.48792726965672684,nan,0.6402577823027972,0.41435435124524056,0.48792726965672684,0.35333015258948614,0.7057470791495364,0.4320322678348904,0.4656090164443175,0.9410452565019846,0.4948225761570983,1.14332327269761,2.7552790235611902e-05
220,0.5356731716754204,nan,0.683157032619551,0.4680968045124543,0.5356731716754204,0.4191943174431968,0.7370337504054865,0.3742404639663254,0.46225261249479593,0.9642293416394754,0.5136492385953105,1.148543926910841,2.747087999328916e-05
221,0.5205255543444102,nan,0.6481163081480198,0.46041625923670076,0.5205255543444102,0.4949220132909622,0.5005466330511277,0.3985890647768975,0.4881181892735616,0.9373600231401776,0.4810966990417445,1.1537645811240722,2.7388645249696792e-05
222,0.5384552757073743,nan,0.6912886076275253,0.4693042765623801,0.5384552757073743,0.4007180350375073,0.5712102991809329,0.4186936846586593,0.4814456757583521,0.9755490914338236,0.5546815447358516,1.1589852353373031,2.730608868788332e-05
223,0.5101022284130367,nan,0.6944330490659928,0.4250864781147384,0.5101022284130367,0.4852682961069338,0.449220454276249,0.4238903384208854,0.4410142614949845,0.9415918964005757,0.5715308264650506,1.1642058895505343,2.7223213001397157e-05
224,0.545023000733725,nan,0.7320150177692997,0.4536650266310558,0.545023000733725,0.4081608353465809,0.5645467394879506,0.491383193236389,0.5681933483581414,1.0182033864706568,0.5283877328297065,1.1694265437637654,2.714002089419867e-05
225,0.5288246545222001,nan,0.6434599058702593,0.4744725485167496,0.5288246545222001,0.3944090875067286,0.49309665924972945,0.4469233770718016,0.47236205306891216,0.9304012578004891,0.48975126876931,1.1746471979769966,2.7056515080572026e-05
226,0.492024618354345,nan,0.6757621731205012,0.4066174573360109,0.492024618354345,0.4353834868782214,0.49757125628851206,0.3335151205412078,0.4507753998699428,0.9189990263497981,0.4938683373033443,1.1798678521902275,2.6972698285036566e-05
227,0.5595222223798275,nan,0.6937295238021763,0.4936488912376106,0.5595222223798275,0.3909396773283684,0.39989681441837294,0.45347950445489316,0.4738795944282937,0.9668101655344006,0.5182171661269076,1.1850885064034586,2.6888573242257964e-05
228,0.4670234212978542,nan,0.6293862888170918,0.394771010001806,0.4670234212978542,0.3009569235688069,0.7357213036467631,0.3464481552066611,0.41719032815217527,0.8832767241019556,0.47173456013406456,1.1903091606166898,2.680414269695898e-05
229,0.47680382579774394,nan,0.6547876028551405,0.3926944946019872,0.47680382579774394,0.2569411461832173,0.627879263979652,0.40966610961497024,0.46095920733801876,0.9154543272310289,0.47067945579605225,1.195529814829921,2.671940940382992e-05
230,0.4761147052748822,nan,0.6206706645104109,0.40531826436648155,0.4761147052748822,0.4081915292554449,0.6205427965191249,0.3551000738564854,0.47357011726994697,0.9054508398611286,0.46385792909845214,1.200750469043152,2.663437612743873e-05
231,0.5001616874482556,nan,0.6489001375157385,0.4300212166978717,0.5001616874482556,0.41533913777448406,0.554784387214213,0.3697131443056148,0.48241983921386966,0.935977124779056,0.5001333054564567,1.205971123256383,2.6549045642140857e-05
232,0.5143633470603103,nan,0.6817945356597196,0.4393635600248491,0.5143633470603103,0.43173588128919727,0.4903837118290005,0.47240400980866876,0.40810883965689493,0.9588705539522092,0.5418077303941072,1.2111917774696142,2.646342073198867e-05
233,0.49443514527393884,nan,0.6707890421442272,0.4119272567643184,0.49443514527393884,0.42107140768736306,0.4824695792522723,0.4223770948617762,0.467413949450598,0.9598017620544201,0.5084809953939675,1.2164124316828453,2.6377504190640656e-05
