iter_num,cross_entropy,detached_cross_entropy,completion_cross_entropy,context_cross_entropy,full_cross_entropy,InCommit_cross_entropy,InFile_cross_entropy,InProject_cross_entropy,NonInformative_cross_entropy,Other_cross_entropy,OtherAPI_cross_entropy,TODO_cross_entropy,exact_match,detached_exact_match,completion_exact_match,context_exact_match,full_exact_match,InCommit_exact_match,InFile_exact_match,InProject_exact_match,NonInformative_exact_match,Other_exact_match,OtherAPI_exact_match,TODO_exact_match,InProject_top_1_accuracy,InProject_top_3_accuracy,InProject_top_5_accuracy,InProject_top_10_accuracy,epoch,learning_rate
1,0.6872269773551445,nan,0.6234081412661622,5.2574738962787215,0.6872269773551445,0.6615965254353108,0.5607883460528238,0.533353869838336,0.773773866281616,0.7182429242304933,0.4683343889049702,0.3546308357739704,0.48749283941187704,nan,0.5022794846382557,0.09895833333333333,0.48749283941187704,0.21951219512195122,0.4090909090909091,0.3793103448275862,0.5964912280701754,0.38461538461538464,0.40425531914893614,0.4090909090909091,0.8610095098756401,0.9370885149963424,0.9539136795903438,0.9736649597659107,0.03310915675116399,3.4999999999999995e-06
2,0.666249639113476,nan,0.6022329272249182,5.272941834452442,0.666249639113476,0.6360832114511222,0.8671293301291942,0.6309134713045041,0.6233443910158839,0.5169743677283622,0.4669056757053698,0.9463758966465465,0.49287248584260884,nan,0.5082166768107121,0.09895833333333333,0.49287248584260884,0.45977011494252873,0.25,0.2692307692307692,0.6666666666666666,0.4666666666666667,0.4074074074074074,0.14893617021276595,0.8402457757296466,0.9370199692780338,0.9539170506912442,0.9708141321044547,0.06621831350232799,6.999999999999999e-06
3,0.6713155464980863,nan,0.6055716969175705,5.290132492861451,0.6713155464980863,0.7391835057291717,0.8183894956480778,0.594567798655964,0.8671303051586253,0.5947332100814199,0.2753034538017179,0.45370024847492857,0.4803216250528989,nan,0.4949272165857962,0.13541666666666666,0.4803216250528989,0.2894736842105263,0.06666666666666667,0.23809523809523808,0.5681818181818182,0.39473684210526316,0.5217391304347826,0.3125,0.8476702508960573,0.9408602150537635,0.96415770609319,0.9767025089605734,0.09932747025349198,1.05e-05
4,0.6745547058663738,nan,0.6030146089106567,4.955084335819691,0.6745547058663738,0.5116236558129983,0.7579427328189661,0.42022857771764777,0.6058315828696782,0.29510698842908933,0.47942608022074923,0.7890064746977016,0.4969217238346526,nan,0.5089531680440771,0.22395833333333334,0.4969217238346526,0.2857142857142857,0.375,0.6,0.5918367346938775,0.6428571428571429,0.43137254901960786,0.14705882352941177,0.8986486486486487,0.9527027027027027,0.9662162162162162,0.9831081081081081,0.13243662700465597,1.3999999999999998e-05
5,0.7119589655897283,nan,0.6462386512755813,4.4792251428779295,0.7119589655897283,0.929282844778808,0.7590615985453074,0.667281374630051,0.6466840431443416,0.4419889306956702,0.4144149748526053,0.7882041342313524,0.45806890299184044,nan,0.46777251184834123,0.24479166666666666,0.45806890299184044,0.2631578947368421,0.3055555555555556,0.2564102564102564,0.5319148936170213,0.6046511627906976,0.5,0.12962962962962962,0.8232323232323232,0.9292929292929293,0.9461279461279462,0.9663299663299664,0.16554578375581996,1.75e-05
6,0.6071623077609423,nan,0.5535131554884445,4.21213787705151,0.6071623077609423,0.6107847243349286,0.3936137562332747,0.5917868423084145,0.5127614524313026,0.507689421671361,0.48427399632789053,0.7295494752313466,0.5090189177298724,nan,0.5167661920073495,0.3333333333333333,0.5090189177298724,0.29545454545454547,0.37037037037037035,0.1891891891891892,0.6,0.4444444444444444,0.25806451612903225,0.22916666666666666,0.834054834054834,0.935064935064935,0.9552669552669553,0.9711399711399712,0.19865494050698396,2.1e-05
7,0.5874124329716455,nan,0.5418129687572057,3.5750725275770106,0.5874124329716455,0.5882937765908721,0.5882893604699706,0.6035632358439136,0.814253562656608,0.26958607736058127,0.474617386982372,0.8871149028149939,0.5096153846153846,nan,0.5167682926829268,0.3385416666666667,0.5096153846153846,0.391304347826087,0.2857142857142857,0.3333333333333333,0.5,0.5531914893617021,0.34615384615384615,0.06521739130434782,0.8333333333333334,0.9327485380116959,0.9619883040935673,0.9766081871345029,0.23176409725814795,2.45e-05
8,0.5564254213848324,nan,0.52378738320204,3.015525037972607,0.5564254213848324,0.6956108161295305,0.5874146027226559,0.3980402199221648,0.5205844060197424,0.360835584032145,0.5613763400773107,0.45554576512230066,0.4988044877689903,nan,0.5044804575786463,0.34375,0.4988044877689903,0.3076923076923077,0.25,0.5531914893617021,0.5901639344262295,0.48333333333333334,0.27450980392156865,0.2540983606557377,0.9025110782865583,0.9556868537666174,0.9675036927621861,0.9793205317577548,0.26487325400931194,2.7999999999999996e-05
9,0.6239419554242723,nan,0.5886425475898995,2.653587356189968,0.6239419554242723,0.5770289486479482,0.5018985520310223,0.5568124402852532,0.8024050706673211,0.6549824308589675,0.4567756853803487,0.6888140609052836,0.4940848990953375,nan,0.4964797280893421,0.4427083333333333,0.4940848990953375,0.14705882352941177,0.375,0.2413793103448276,0.47619047619047616,0.5757575757575758,0.2807017543859649,0.18604651162790697,0.8562231759656652,0.9484978540772532,0.9592274678111588,0.9763948497854077,0.29798241076047594,3.149999999999999e-05
10,0.49038133684429114,nan,0.46121969357021925,2.1888663335280003,0.49038133684429114,0.4680348720733095,0.7882323808675639,0.5207660036493825,0.5376605460812728,0.3506902464294781,0.6994173339530394,0.6489330605491177,0.5684051398337112,nan,0.5634101138469685,0.6666666666666666,0.5684051398337112,0.2692307692307692,0.19047619047619047,0.375,0.6363636363636364,0.5483870967741935,0.3076923076923077,0.2413793103448276,0.8794701986754967,0.9443708609271523,0.9589403973509933,0.9735099337748344,0.33109156751163993,3.5e-05
11,0.5979867693361102,nan,0.5797351678407585,1.6044393267178305,0.5979867693361102,0.579122912794029,0.36037633193390717,0.545010933126597,0.6169567832137434,0.3718828485909268,0.2596427505696025,0.7567854242119837,0.49712343096234307,nan,0.48816079295154186,0.6666666666666666,0.49712343096234307,0.25,0.367816091954023,0.2926829268292683,0.42857142857142855,0.4782608695652174,0.5714285714285714,0.019230769230769232,0.8632352941176471,0.9485294117647058,0.9676470588235294,0.9808823529411764,0.3642007242628039,3.5e-05
12,0.5554545841709679,nan,0.546162341226851,1.2089274640326733,0.5554545841709679,0.5872726009172566,0.5323210538530321,0.6089192304267935,0.34087783944465105,0.3345300402423757,0.4952857962913304,0.6917346878270948,0.526071842410197,nan,0.520657841957481,0.6666666666666666,0.526071842410197,0.25,0.37894736842105264,0.26153846153846155,0.6222222222222222,0.5151515151515151,0.3617021276595745,0.15,0.8462980318650422,0.9325210871602624,0.9540768509840675,0.9709465791940018,0.3973098810139679,3.499044567203268e-05
13,0.6031223678517182,nan,0.5942005812276011,1.11065500568629,0.6031223678517182,0.6485846081512724,0.436284910608857,0.7031872899692689,0.4724950265368961,0.5134283118223221,0.2859538889532743,0.7815579372771791,0.5177322677322678,nan,0.5102308499475341,0.6666666666666666,0.5177322677322678,0.45454545454545453,0.2,0.3333333333333333,0.7692307692307693,0.625,0.5806451612903226,0.07317073170731707,0.8285280728376327,0.9393019726858877,0.9544764795144158,0.9666160849772383,0.4304190377651319,3.496179313564808e-05
14,0.5680894208798198,nan,0.5639057481490255,0.8673790386907609,0.5680894208798198,0.7034191741972932,0.7356507911036413,0.7319211307977908,0.3599741382414784,0.2872363487713463,0.5448215948656268,0.6839982897303384,0.5087588520313082,nan,0.5028991109393119,0.6666666666666666,0.5087588520313082,0.16666666666666666,0.17647058823529413,0.288135593220339,0.46938775510204084,0.5862068965517241,0.2857142857142857,0.15517241379310345,0.822538860103627,0.9209844559585493,0.9481865284974094,0.9637305699481865,0.4635281945162959,3.491407372197407e-05
15,0.5111946185316892,nan,0.5087679522476964,0.6794662569112523,0.5111946185316892,0.3880540061496114,0.38060561506147805,0.5738327304020742,0.6516242605551437,0.33070227727065876,0.4027400478214456,0.5337970324405502,0.535399923459625,nan,0.5303933253873659,0.6666666666666666,0.535399923459625,0.3561643835616438,0.38461538461538464,0.32653061224489793,0.5227272727272727,0.5161290322580645,0.3333333333333333,0.12121212121212122,0.8483353884093712,0.9395807644882861,0.9642416769420469,0.9741060419235512,0.4966373512674599,3.484733961148889e-05
16,0.5216526371551146,nan,0.5177387346800877,0.7938042824406699,0.5216526371551146,0.44142896646035407,0.3912562976527556,0.6744000708669345,0.4857416638952357,0.24737501303639683,0.42753022781705474,0.7906565793558132,0.5262522631261316,nan,0.5183092697216991,0.7239583333333334,0.5262522631261316,0.3953488372093023,0.4603174603174603,0.26666666666666666,0.5714285714285714,0.6417910447761194,0.4883720930232558,0.1891891891891892,0.8163538873994638,0.9302949061662198,0.9517426273458445,0.9745308310991957,0.5297465080186239,3.476166377696257e-05
17,0.5224544340706121,nan,0.5205552906113944,0.6494767085542396,0.5224544340706121,0.8005317949379486,0.6598104573261568,0.5577674865663779,0.36919040171320083,0.4500123497834055,0.3506818954730355,0.6917917070587065,0.5113215314944421,nan,0.5030004286326618,0.7135416666666666,0.5113215314944421,0.3877551020408163,0.22,0.2978723404255319,0.5769230769230769,0.5625,0.43137254901960786,0.1232876712328767,0.8548850574712644,0.9454022988505747,0.9568965517241379,0.9669540229885057,0.5628556647697879,3.465713990366229e-05
18,0.5076513564185215,nan,0.5056576880908528,0.6442293814207253,0.5076513564185215,0.3786771941742885,0.3481683992588324,0.39411488062460126,0.426765730543183,0.3937825021106653,0.49785600024680604,0.7152341553714222,0.5495662949194547,nan,0.5427956989247312,0.7135416666666666,0.5495662949194547,0.4915254237288136,0.5584415584415584,0.4473684210526316,0.5526315789473685,0.5853658536585366,0.32608695652173914,0.08823529411764706,0.9070866141732283,0.9637795275590552,0.9732283464566929,0.9795275590551181,0.5959648215209519,3.45338822869089e-05
19,0.4999635463511507,nan,0.5001454024613549,0.4895229195705156,0.4999635463511507,0.4872685772160601,0.5460216338402247,0.34257156272459494,0.3955862409459832,0.656021391890724,0.5464262876107128,0.6411392087572761,0.5406427221172023,nan,0.5331683168316832,0.6979166666666666,0.5406427221172023,0.4393939393939394,0.375,0.4857142857142857,0.6730769230769231,0.4878048780487805,0.2682926829268293,0.2553191489361702,0.8907766990291263,0.9635922330097088,0.9805825242718447,0.9927184466019418,0.6290739782721159,3.439202570709667e-05
20,0.5292272789928716,nan,0.5315753672150803,0.40217668702703036,0.5292272789928716,0.6363913292019621,0.5958596171517121,0.5393539132724509,0.8105319257789926,0.46582922722451886,0.4995694502198977,0.6942895162092276,0.5239048811013767,nan,0.5159084932947673,0.6822916666666666,0.5239048811013767,0.1956521739130435,0.41379310344827586,0.391304347826087,0.5,0.475,0.3333333333333333,0.23809523809523808,0.8747967479674796,0.9528455284552846,0.9707317073170731,0.9772357723577236,0.6621831350232799,3.42317252823129e-05
21,0.5677781938496128,nan,0.5679752488497714,0.5529650419201487,0.5677781938496128,0.8317811686066938,0.6515711188584832,0.4838663428961105,0.43266996126077034,0.5061720111783514,0.8687249082655102,0.5109790820448457,0.5136632906554558,nan,0.5076373735369967,0.671875,0.5136632906554558,0.36363636363636365,0.2638888888888889,0.4,0.5576923076923077,0.4883720930232558,0.25806451612903225,0.1836734693877551,0.8849009900990099,0.948019801980198,0.9628712871287128,0.9752475247524752,0.6952922917744438,3.4053156298718584e-05
22,0.5225938975577813,nan,0.5236429859885904,0.4634533443197772,0.5225938975577813,0.3680123840703777,0.8182956164609108,0.7394193144924501,0.5483741222027068,0.41543309442331444,0.5526429377159622,0.6748972834638723,0.5124476213951196,nan,0.5034928848641655,0.6927083333333334,0.5124476213951196,0.48936170212765956,0.2033898305084746,0.3050847457627119,0.6888888888888889,0.5161290322580645,0.11428571428571428,0.25,0.8167053364269141,0.91415313225058,0.9431554524361949,0.9640371229698376,0.7284014485256078,3.3856514018875575e-05
23,0.5182290376041538,nan,0.5196252942205647,0.42756846864787185,0.5182290376041538,0.3919097437834552,0.7097379215139126,0.4024950890556457,0.4266049789682118,0.5251974602903028,0.49655157387307186,0.5741776794654628,0.535260352603526,nan,0.529449423815621,0.6770833333333334,0.535260352603526,0.367816091954023,0.2857142857142857,0.3142857142857143,0.6666666666666666,0.3958333333333333,0.46511627906976744,0.2564102564102564,0.8734439834024896,0.9688796680497925,0.9813278008298755,0.9875518672199171,0.7615106052767718,3.3642013468229794e-05
24,0.5451679023729641,nan,0.5457776278287259,0.5028672595629103,0.5451679023729641,0.5585832841069646,0.46838973078131685,0.5951207341561678,0.398054662565442,0.5399202138084818,0.35651684633455444,0.8113463345659254,0.5366405928365583,nan,0.5295756536648093,0.7083333333333334,0.5366405928365583,0.34782608695652173,0.38666666666666666,0.3783783783783784,0.6875,0.6363636363636364,0.44680851063829785,0.17073170731707318,0.8307952622673435,0.937394247038917,0.9593908629441624,0.9813874788494078,0.7946197620279358,3.340988919998411e-05
25,0.49311720816081855,nan,0.4954184385921468,0.3452479713449352,0.49311720816081855,0.4127836297821957,0.5095491728032117,0.4368684421987037,0.26267964499771557,0.6968519940755785,0.3545893281605256,0.6637197944354526,0.5338312829525483,nan,0.525,0.734375,0.5338312829525483,0.3125,0.3611111111111111,0.44680851063829785,0.62,0.3877551020408163,0.37209302325581395,0.13333333333333333,0.8918918918918919,0.9624624624624625,0.96996996996997,0.9834834834834835,0.8277289187790998,3.316039503861784e-05
26,0.5213473795687764,nan,0.523189649384811,0.4101558359907162,0.5213473795687764,0.5368872448228873,0.6236971127057679,0.6530390758457717,1.373533497504362,0.4263693219595732,0.4599572231647412,0.6860582145018272,0.5135072193758733,nan,0.5041443198439786,0.7135416666666666,0.5135072193758733,0.4307692307692308,0.4722222222222222,0.26,0.575,0.4074074074074074,0.39473684210526316,0.19607843137254902,0.835990888382688,0.9305239179954442,0.9510250569476082,0.9669703872437357,0.8608380755302638,3.2893803802333394e-05
27,0.5051819760794649,nan,0.5063744798110269,0.4281474253647883,0.5051819760794649,0.45401040978010454,0.6984796577959168,0.4383924256854826,0.35121715635460327,0.43199047192198947,0.5126811396744514,0.7729370018068169,0.5351785336995563,nan,0.5287381634001321,0.6875,0.5351785336995563,0.4576271186440678,0.20967741935483872,0.4583333333333333,0.5319148936170213,0.6129032258064516,0.3,0.1282051282051282,0.8809135399673735,0.9592169657422512,0.9690048939641109,0.9804241435562806,0.8939472322814278,3.26104070047336e-05
28,0.5070717325352728,nan,0.5090441397562432,0.37169223050129363,0.5070717325352728,0.6617910063399891,0.6098509382272079,0.5911545921711155,0.4495382861748405,0.6222833753933525,0.5278149631956727,0.7497022248273789,0.5012631578947369,nan,0.4927599824484423,0.703125,0.5012631578947369,0.3,0.25,0.3013698630136986,0.6458333333333334,0.34545454545454546,0.32,0.21428571428571427,0.8461538461538461,0.9315196998123827,0.9540337711069419,0.9718574108818011,0.9270563890325918,3.231051453605584e-05
29,0.5206464455246074,nan,0.5229015855234855,0.35800614064382447,0.5206464455246074,0.6032163611540955,0.8688061620908625,0.5674760052226624,0.44847654613059834,0.36876094278244786,0.3981959660736283,0.28162699423881365,0.5393645011131349,nan,0.5333754474626237,0.6875,0.5393645011131349,0.3333333333333333,0.24242424242424243,0.34146341463414637,0.6,0.6153846153846154,0.425531914893617,0.5176470588235295,0.8611632270168855,0.949343339587242,0.9549718574108818,0.9699812382739212,0.9601655457837558,3.199445432431165e-05
30,0.5116215764680402,nan,0.5148573839081246,0.31311438991644663,0.5116215764680402,0.7229701275090603,0.6662161134115051,0.5286244230277722,0.4581911385325287,0.48655557675995464,0.5567170862300074,0.6525473149774553,0.560630280886047,nan,0.5555290183902556,0.671875,0.560630280886047,0.4,0.17142857142857143,0.42857142857142855,0.6666666666666666,0.4864864864864865,0.24390243902439024,0.20454545454545456,0.8682385575589459,0.9403606102635229,0.9625520110957004,0.9736477115117892,0.9932747025349198,3.1662571976702204e-05
31,0.48194963491639836,nan,0.48397896506639265,0.35219170287151474,0.48194963491639836,0.4340837271430368,0.27334682721524467,0.5228235515062022,0.3269368953013701,0.41993829893815476,0.45172213757415725,0.7289908658775538,0.5424602285458212,nan,0.5361741980800749,0.6822916666666666,0.5424602285458212,0.4,0.4,0.21212121212121213,0.7142857142857143,0.5102040816326531,0.40816326530612246,0.20833333333333334,0.8549618320610687,0.9541984732824428,0.9656488549618321,0.9847328244274809,1.0263838592860839,3.131523040170198e-05
32,0.4745819377149885,nan,0.47742269850436614,0.27224644127890263,0.4745819377149885,0.6238677675759617,0.7694934042108849,0.6566678700411596,0.6725938998799184,0.3261044049847194,0.48454882027581336,0.7224600482021097,0.5463469888616198,nan,0.5412340842311459,0.6822916666666666,0.5463469888616198,0.2714285714285714,0.2894736842105263,0.4074074074074074,0.6888888888888889,0.5,0.34146341463414637,0.20588235294117646,0.8354430379746836,0.9278481012658227,0.9443037974683545,0.9645569620253165,1.0594930160372478,3.095280941222361e-05
33,0.46314484905045694,nan,0.465632902611162,0.2939827075119941,0.46314484905045694,0.4719274908603794,0.6050465580085604,0.3856341062325346,0.2636283468768155,0.5053511415313996,0.5135634378692052,0.7635268453802152,0.5306039724361573,nan,0.5240404892450443,0.6927083333333334,0.5306039724361573,0.4827586206896552,0.28,0.3770491803278688,0.6976744186046512,0.5294117647058824,0.3673469387755102,0.16666666666666666,0.8973717146433041,0.967459324155194,0.9787234042553191,0.983729662077597,1.0926021727884119,3.0575705310298085e-05
34,0.474108439685123,nan,0.4769328749191621,0.2889992658265046,0.474108439685123,0.6958005725227063,0.5798932543894085,0.4780347343333979,0.3819359791350155,0.4707496640068875,0.4939910865174,0.35706905601431654,0.5336909871244635,nan,0.526857654431513,0.6927083333333334,0.5336909871244635,0.19047619047619047,0.36585365853658536,0.28,0.6818181818181818,0.38461538461538464,0.3333333333333333,0.36065573770491804,0.8753315649867374,0.9588859416445623,0.9694960212201591,0.9814323607427056,1.1257113295395758,3.0184330453724278e-05
35,0.47271379875717223,nan,0.47618669631345373,0.2704499182477112,0.47271379875717223,0.6999083177903623,0.5171808979546185,0.5440175480080777,1.2529864078414354,0.3739306579884776,0.42094099777134225,0.3871548132146431,0.5403244768398777,nan,0.5331199212016745,0.6927083333333334,0.5403244768398777,0.358974358974359,0.35555555555555557,0.38461538461538464,0.6046511627906976,0.5789473684210527,0.42857142857142855,0.3488372093023256,0.8620102214650767,0.9454855195911414,0.9574105621805792,0.9727427597955707,1.1588204862907399,2.9779112805161734e-05
36,0.4664145485534512,nan,0.4689310442345832,0.2946275561116638,0.4664145485534512,0.41440285959954387,0.5354825509785626,0.46941834320171816,0.7868658467732059,0.3946671872583037,0.41543067647621035,0.5780369000778438,0.5577360049576534,nan,0.5523768552376855,0.6875,0.5577360049576534,0.3684210526315789,0.36363636363636365,0.4642857142857143,0.5,0.5,0.45454545454545453,0.3137254901960784,0.8698092031425365,0.957351290684624,0.9730639730639731,0.9797979797979798,1.1919296430419037,2.9360495464159826e-05
37,0.44776624788672753,nan,0.45066774615136473,0.26923788993409004,0.44776624788672753,0.42606437663374996,0.670253622359458,0.5633327968419108,0.3935437476399403,0.5500740596761579,0.4117530134551201,0.5506386862325294,0.5578201151971643,nan,0.5513651087459509,0.703125,0.5578201151971643,0.29411764705882354,0.35294117647058826,0.43243243243243246,0.625,0.6326530612244898,0.4146341463414634,0.3170731707317073,0.8424507658643327,0.9431072210065645,0.9649890590809628,0.9803063457330415,1.2250387997930678,2.8928936182634844e-05
38,0.4750179850015552,nan,0.4773293613611902,0.2970900621458038,0.4750179850015552,0.5655542368362675,0.5670768262886259,0.4363014324713252,0.6403223497355558,0.3856774707605135,0.39071379255696864,0.6237797707451675,0.5752688172043011,nan,0.5707420222991157,0.6979166666666666,0.5752688172043011,0.3695652173913043,0.2727272727272727,0.4,0.65,0.5581395348837209,0.4791666666666667,0.20689655172413793,0.8874316939890711,0.9606557377049181,0.9704918032786886,0.980327868852459,1.2581479565442317,2.8484906864325056e-05
39,0.47204107618975905,nan,0.47445220033111646,0.29893727432523604,0.47204107618975905,0.6672942677382816,0.5887307430929919,0.5363794029076498,0.534650668343471,0.41094911747779317,0.38498824778753105,0.8132326212811943,0.5204966495861253,nan,0.5124948791478902,0.7239583333333334,0.5204966495861253,0.22413793103448276,0.275,0.2962962962962963,0.6111111111111112,0.5178571428571429,0.35,0.15517241379310345,0.8465909090909091,0.9477272727272728,0.9693181818181819,0.9840909090909091,1.2912571132953958,2.8028893048770862e-05
40,0.43760107988718994,nan,0.43900379560892405,0.3416765520160789,0.43760107988718994,0.545239206276139,0.3210370375050438,0.3809442907776706,0.18382842980805933,0.6144146193046496,0.36520273892355126,0.4902067971257762,0.5717066839714471,nan,0.5666892349356805,0.6875,0.5717066839714471,0.32608695652173914,0.5636363636363636,0.49056603773584906,0.7380952380952381,0.43137254901960786,0.47058823529411764,0.3,0.8992805755395683,0.9616306954436451,0.9712230215827338,0.9808153477218226,1.3243662700465597,2.7561393380384435e-05
41,0.49795461429596877,nan,0.500814352976447,0.3031011580147122,0.49795461429596877,0.5637334902403933,0.47201376296105113,0.40232876622365654,0.4592498736075284,0.5283465209280482,0.3640497888540411,0.6013162784341601,0.5414583333333334,nan,0.53515625,0.6927083333333334,0.5414583333333334,0.3333333333333333,0.45614035087719296,0.4594594594594595,0.6226415094339622,0.45454545454545453,0.43333333333333335,0.24390243902439024,0.8968253968253969,0.9603174603174603,0.9742063492063492,0.9880952380952381,1.3574754267977238,2.7082919063189413e-05
42,0.452471700530825,nan,0.4551763687736102,0.28824429014224784,0.452471700530825,0.5117051364345984,0.6862534256651999,0.5789254125740552,0.4005692609582254,0.3503110717677949,0.44432995203659115,0.5424599420486399,0.5599230933561204,nan,0.553129873022945,0.71875,0.5599230933561204,0.37209302325581395,0.3793103448275862,0.1956521739130435,0.6388888888888888,0.543859649122807,0.325,0.35555555555555557,0.8639798488664987,0.929471032745592,0.9508816120906801,0.9659949622166247,1.3905845835488877,2.6593993301826734e-05
43,0.5391948079813231,nan,0.5425304566404111,0.3166357682909471,0.5391948079813231,0.45520023884929667,0.8711035499243672,0.5024628839353924,0.7200222499723902,0.29762041956716223,0.5140798573789134,0.5782088051928312,0.5125408942202835,nan,0.5044388800364216,0.6979166666666666,0.5125408942202835,0.3617021276595745,0.1590909090909091,0.3333333333333333,0.6382978723404256,0.6382978723404256,0.21951219512195122,0.25,0.8767650834403081,0.9499358151476252,0.9576379974326059,0.975609756097561,1.4236937403000518,2.609515072943813e-05
44,0.3938310947425106,nan,0.39488987998013597,0.3194921103616559,0.3938310947425106,0.24125618769550902,0.5082352768338899,0.3417869508788011,0.36177846677710207,0.6852779526358391,0.27402618203400186,0.6156260253177696,0.592325149577058,nan,0.58796992481203,0.6979166666666666,0.592325149577058,0.5975609756097561,0.3191489361702128,0.4642857142857143,0.7241379310344828,0.46153846153846156,0.5573770491803278,0.14285714285714285,0.9121287128712872,0.969059405940594,0.9826732673267327,0.9851485148514851,1.4568028970512157,2.558693682305257e-05
45,0.4741287515327268,nan,0.4772327966651122,0.2741542943398055,0.4741287515327268,0.2595731239232608,0.8912068132073996,0.544998173771829,0.5256587532999105,0.44721870819734316,0.37737788361676794,0.6404036472986462,0.5536382536382536,nan,0.5476396708531832,0.6979166666666666,0.5536382536382536,0.6764705882352942,0.275,0.35384615384615387,0.5892857142857143,0.3968253968253968,0.44,0.2,0.8532818532818532,0.943050193050193,0.9633204633204633,0.9758687258687259,1.4899120538023798,2.506990730711516e-05
46,0.46817141098847187,nan,0.47133514523976283,0.26952714385950705,0.46817141098847187,0.6645812836880419,0.6162178779096209,0.49477646237835143,0.6023600191303392,0.35731325247307366,0.38964596793231415,0.6520529676616563,0.5483582756310029,nan,0.5414235705950992,0.703125,0.5483582756310029,0.40625,0.29310344827586204,0.3181818181818182,0.631578947368421,0.5740740740740741,0.21875,0.1724137931034483,0.8690176322418136,0.947103274559194,0.9609571788413098,0.9685138539042821,1.5230212105535437,2.4544627545810643e-05
47,0.45768066050513856,nan,0.45927846713595605,0.34247176729573525,0.45768066050513856,0.47256601930322184,0.6911670156155848,0.42419022756698993,0.4143980726971111,0.6234890885369493,0.42894224077947585,0.48286142354466627,0.5404203718674212,nan,0.5334314550042052,0.7135416666666666,0.5404203718674212,0.4166666666666667,0.1794871794871795,0.3787878787878788,0.4878048780487805,0.4634146341463415,0.26785714285714285,0.20454545454545456,0.8924528301886793,0.9566037735849057,0.9764150943396226,0.9877358490566037,1.5561303673047078,2.4011671924845907e-05
48,0.46076828287211297,nan,0.46419297635286605,0.2777967017524097,0.46076828287211297,0.8648608660977921,0.4081357655689491,0.5259103274287591,0.42388198308927655,0.17872002229266906,0.39211042088598536,0.3656069897064979,0.6144335099671966,nan,0.6099177936886767,0.703125,0.6144335099671966,0.39285714285714285,0.48717948717948717,0.3333333333333333,0.5675675675675675,0.7272727272727273,0.5,0.42857142857142855,0.8622366288492707,0.9513776337115073,0.9756888168557536,0.9886547811993517,1.5892395240558717,2.347162322336771e-05
49,0.4538296259381948,nan,0.45675475111273045,0.25642529626004135,0.4538296259381948,0.544596593605481,0.3806774280255229,0.5657321662870919,0.3047972637788604,0.6608820351732463,0.4079986947467214,0.42439349853520086,0.5512060939483707,nan,0.5454344949272166,0.6875,0.5512060939483707,0.17307692307692307,0.32558139534883723,0.40425531914893614,0.6666666666666666,0.4634146341463415,0.5142857142857142,0.32558139534883723,0.863481228668942,0.9385665529010239,0.9556313993174061,0.9726962457337884,1.6223486808070358,2.2925071976702205e-05
50,0.4713439549395092,nan,0.4736729359266895,0.3229867345375756,0.4713439549395092,0.43607636528301097,0.3257577840746922,0.4866786235142928,0.42699766458102634,0.3816478696768735,0.3542830012754873,0.7338057102818195,0.5619872379216043,nan,0.5562440419447092,0.6875,0.5619872379216043,0.3333333333333333,0.3411764705882353,0.5625,0.7209302325581395,0.48936170212765956,0.45,0.14583333333333334,0.8930817610062893,0.949685534591195,0.9580712788259959,0.9748427672955975,1.6554578375581996,2.237261583061323e-05
51,0.44022874048814836,nan,0.44270745734435063,0.2963460320547204,0.44022874048814836,0.4892846000424491,0.3608040784547994,0.48986693066566533,0.40028064211530995,0.25101320605997124,0.4603747972606629,0.4944553615745516,0.5567312021611887,nan,0.5505882352941176,0.6927083333333334,0.5567312021611887,0.36363636363636365,0.5223880597014925,0.3269230769230769,0.6136363636363636,0.6041666666666666,0.5,0.20930232558139536,0.8820697954271961,0.9554753309265944,0.9638989169675091,0.9747292418772563,1.6885669943093637,2.1814858887785466e-05
52,0.4503531962911422,nan,0.45221542431316364,0.32391601275342613,0.4503531962911422,0.5869485509193422,0.7049337601579659,0.5775024063758977,0.5994629363681995,0.43400344078329084,0.21492519423178086,0.46239421407443515,0.5678936605316973,nan,0.5627926777352065,0.6927083333333334,0.5678936605316973,0.3333333333333333,0.2413793103448276,0.3382352941176471,0.5932203389830508,0.6410256410256411,0.6285714285714286,0.3125,0.8575949367088608,0.9335443037974683,0.9588607594936709,0.9704641350210971,1.7216761510605276,2.1252411047246976e-05
53,0.47200722497981046,nan,0.4751116751972046,0.27992686605548484,0.47200722497981046,0.4904290972431565,0.4599048126263147,0.44311173663756565,0.3834876780578708,0.34014630562184456,0.33800644354234355,0.5574250525185763,0.5596491228070175,nan,0.5540293040293041,0.6875,0.5596491228070175,0.35802469135802467,0.3,0.5135135135135135,0.6904761904761905,0.5,0.6,0.24390243902439024,0.8752293577981651,0.9559633027522936,0.9669724770642202,0.9779816513761468,1.7547853078116917,2.0685887337453622e-05
54,0.4437460599087004,nan,0.4469970340272674,0.2546398316462417,0.4437460599087004,0.5024425649239623,0.5536041335455382,0.7463580292281621,0.4994435305609241,0.38650862947569214,0.4147288674831039,0.6104917087015513,0.5738231917336395,nan,0.5683401393226039,0.6927083333333334,0.5738231917336395,0.40625,0.2972972972972973,0.2857142857142857,0.5849056603773585,0.6585365853658537,0.38095238095238093,0.06756756756756757,0.8246606334841629,0.916289592760181,0.9355203619909502,0.9581447963800905,1.7878944645628556,2.0115907243764438e-05
55,0.4284057145541732,nan,0.4299341944914439,0.315322451448905,0.4284057145541732,0.27584799828913303,0.49696470620128574,0.44860262434066733,0.5046932568463454,0.2581962137806436,0.4391238675393069,0.7181464505289294,0.5778311324529812,nan,0.571993341656263,0.7239583333333334,0.5778311324529812,0.5714285714285714,0.38461538461538464,0.34375,0.6052631578947368,0.6851851851851852,0.47368421052631576,0.2564102564102564,0.8839458413926499,0.965183752417795,0.9690522243713733,0.97678916827853,1.8210036213140197,1.954309403104352e-05
56,0.41263123476870306,nan,0.4151603519552187,0.2614859385411099,0.41263123476870306,0.513036047138514,0.5132131708781938,0.48709667915939303,0.4025747954808513,0.4725595195831566,0.4273493079145779,0.27003930343627025,0.5851160673645881,nan,0.5790099952403618,0.71875,0.5851160673645881,0.39344262295081966,0.30303030303030304,0.4,0.5909090909090909,0.5555555555555556,0.375,0.5465116279069767,0.8964646464646465,0.9570707070707071,0.9621212121212122,0.9797979797979798,1.8541127780651836,1.896807406212901e-05
57,0.4384386615359598,nan,0.43995493397773,0.32238981830023306,0.4384386615359598,0.48181116921436457,0.6666285551822104,0.4624241971536813,0.29106233578150054,0.510633366637296,0.44408999194914717,0.31136102825899187,0.5551941840443849,nan,0.549553128103277,0.703125,0.5551941840443849,0.2982456140350877,0.2727272727272727,0.45098039215686275,0.5853658536585366,0.6,0.45454545454545453,0.4861111111111111,0.8929411764705882,0.9505882352941176,0.9647058823529412,0.9847058823529412,1.8872219348163477,1.839147611291456e-05
58,0.43504720620426063,nan,0.43691517061490254,0.33480186753535973,0.43504720620426063,0.516991072313139,0.49586090926356197,0.5953730619457229,0.4315326238041939,0.3289949471673455,0.49070440538819277,0.534583649091054,0.5763387297633873,nan,0.5689249280669632,0.7239583333333334,0.5763387297633873,0.3235294117647059,0.4166666666666667,0.375,0.6944444444444444,0.5806451612903226,0.3225806451612903,0.2727272727272727,0.8605341246290801,0.9614243323442137,0.9643916913946587,0.9703264094955489,1.9203310915675116,1.7813930684792115e-05
59,0.4559702727180428,nan,0.4589956107058363,0.2839909909288241,0.4559702727180428,0.5600702426372431,0.6439264878769468,0.5450755204221867,0.21019118309248896,0.4095622231440909,0.5463568715335126,0.3420263833998304,0.5557424315233062,nan,0.5483627204030227,0.7083333333333334,0.5557424315233062,0.28,0.2727272727272727,0.3611111111111111,0.675,0.47619047619047616,0.29545454545454547,0.43548387096774194,0.86,0.94,0.9577777777777777,0.9755555555555555,1.9534402483186757,1.7236069315207883e-05
60,0.4515070483058172,nan,0.4543694930774092,0.27352048424406555,0.4515070483058172,0.41504155284696087,0.8034097496921101,0.35860756750761597,0.39024692188996246,0.20704446494023102,0.5272929536596783,0.5382414694350478,0.5604651162790698,nan,0.5542089026002645,0.7083333333333334,0.5604651162790698,0.4430379746835443,0.27692307692307694,0.4339622641509434,0.7021276595744681,0.6041666666666666,0.27906976744186046,0.1568627450980392,0.9053876478318003,0.9684625492772667,0.9816031537450722,0.9947437582128777,1.9865494050698396,1.6658523887085438e-05
61,0.41673914285058555,nan,0.4183287094547539,0.2989622466584555,0.41673914285058555,0.46053233347774364,0.6296638212766543,0.37262743966624046,0.5361707869040138,0.3303276361615076,0.4348274400868581,0.7526860827992694,0.5698291101944608,nan,0.5648091447234129,0.6979166666666666,0.5698291101944608,0.46153846153846156,0.2727272727272727,0.4482758620689655,0.6086956521739131,0.5692307692307692,0.33962264150943394,0.19642857142857142,0.8990825688073395,0.963302752293578,0.9770642201834863,0.9896788990825688,2.0196585618210037,1.6081925937870994e-05
62,0.48573589728066985,nan,0.4891714852928736,0.25627639955810966,0.48573589728066985,0.5722763754773077,0.3991743958251193,0.5449249869326901,0.3571633111470888,0.3027755702211858,0.4115022873203914,0.5867418008982664,0.5558189655172414,nan,0.5494604316546763,0.703125,0.5558189655172414,0.3333333333333333,0.22972972972972974,0.3111111111111111,0.68,0.5185185185185185,0.36065573770491804,0.21568627450980393,0.8458333333333333,0.9555555555555556,0.9708333333333333,0.9819444444444444,2.0527677185721678,1.550690596895648e-05
63,0.42367623271664095,nan,0.4267207151311033,0.24812977354721386,0.42367623271664095,0.7073288532305152,0.4578067761491984,0.46937942499701946,0.28174516794494825,0.40198744423554567,0.35839866951369403,0.709346100636891,0.5621890547263682,nan,0.5546099290780142,0.7291666666666666,0.5621890547263682,0.325,0.43902439024390244,0.4339622641509434,0.6808510638297872,0.5142857142857142,0.6,0.14893617021276595,0.8807947019867549,0.9562913907284768,0.9655629139072848,0.9774834437086093,2.0858768753233314,1.4934092756235557e-05
64,0.43660854196981935,nan,0.43893746003484413,0.2886624589243674,0.43660854196981935,0.524212053493731,0.4455563310207256,0.57401214483981,1.26142895074147,0.5153517530166565,0.40624195608533165,0.7014520531836717,0.571398260131551,nan,0.5658040256580402,0.703125,0.571398260131551,0.38,0.3333333333333333,0.3023255813953488,0.7346938775510204,0.5348837209302325,0.375,0.2857142857142857,0.8558139534883721,0.9395348837209302,0.9488372093023256,0.9798449612403101,2.1189860320744955,1.4364112662546383e-05
65,0.4622323393334127,nan,0.4646393143412865,0.29692066625213404,0.4622323393334127,0.6568996223248275,0.5871449995765269,0.6559519395190122,0.2660317572828624,0.30305860377506516,0.4496445535131556,0.27398174713362233,0.5540347293156281,nan,0.5477354879863917,0.7083333333333334,0.5540347293156281,0.3404255319148936,0.39344262295081966,0.3333333333333333,0.6976744186046512,0.5957446808510638,0.3673469387755102,0.5,0.8463855421686747,0.9262048192771084,0.9457831325301205,0.9608433734939759,2.1520951888256596,1.3797588952753024e-05
66,0.4267439304530445,nan,0.42959908739197605,0.2580241746497605,0.4267439304530445,0.4359669024298224,0.3163004477332021,0.6450888577635285,0.5880039996621229,0.4207926233440161,0.4603892529958102,0.541680024663231,0.5811408614668219,nan,0.5754326102851572,0.703125,0.5811408614668219,0.3333333333333333,0.7058823529411765,0.3225806451612903,0.5909090909090909,0.6,0.3055555555555556,0.37037037037037035,0.8381147540983607,0.9323770491803278,0.9528688524590164,0.9631147540983607,2.1852043455768237,1.3235141112214534e-05
67,0.45473576840093627,nan,0.45721834133886097,0.2819089266405406,0.45473576840093627,0.5231050139690218,0.46043015727491077,0.5622161794846307,0.5796340827977369,0.4038799314961095,0.3484252840207774,0.570082670163028,0.5543933054393305,nan,0.5490409764603313,0.6822916666666666,0.5543933054393305,0.32786885245901637,0.3333333333333333,0.4576271186440678,0.723404255319149,0.5925925925925926,0.46,0.26666666666666666,0.8716981132075472,0.9358490566037736,0.9572327044025157,0.9710691823899371,2.2183135023279874,1.2677384169386768e-05
68,0.486670505495401,nan,0.4899342204394493,0.2716124036171016,0.486670505495401,0.41991305820403146,0.46654977323917246,0.5549610543183379,0.4153695261807353,0.3028099282441667,0.44819619359540686,0.733586493233763,0.5246103363412633,nan,0.5177198975234842,0.6927083333333334,0.5246103363412633,0.36231884057971014,0.30303030303030304,0.323943661971831,0.5853658536585366,0.48148148148148145,0.37037037037037035,0.10869565217391304,0.8571428571428571,0.945474372955289,0.9672846237731734,0.9792802617230099,2.2514226590791515,1.2124928023297793e-05
69,0.3710683911839459,nan,0.3721872158378293,0.29235626830853856,0.3710683911839459,0.2503035555393826,0.407205860178174,0.46963942603235337,0.28917744116467936,0.3098132961177824,0.42331426347778134,0.5525816450582841,0.5942597563493702,nan,0.5906256718985164,0.6822916666666666,0.5942597563493702,0.5,0.38596491228070173,0.41304347826086957,0.6444444444444445,0.6792452830188679,0.25,0.1388888888888889,0.8928571428571429,0.9494047619047619,0.9672619047619048,0.9791666666666666,2.2845318158303156,1.1578376776632285e-05
70,0.4238694410191761,nan,0.4260733309979932,0.2684059244042726,0.4238694410191761,0.33416489899614776,0.5038254656287475,0.5259249313468378,0.2769972548850445,0.43325629098688684,0.3121910789492869,0.5362770278646614,0.5736512426752879,nan,0.5677948286735337,0.71875,0.5736512426752879,0.4857142857142857,0.4782608695652174,0.34285714285714286,0.58,0.5777777777777777,0.5,0.35555555555555557,0.8726708074534162,0.9394409937888198,0.9596273291925466,0.9767080745341615,2.3176409725814797,1.1038328075154088e-05
71,0.4696794423441454,nan,0.47368995988296475,0.23976648761306452,0.4696794423441454,0.6360278821937306,0.3645813860712394,0.5618367423489689,0.29639578518842147,0.6077981972987325,0.3470931733818496,0.5142247567049157,0.5606310336708265,nan,0.5536374845869297,0.7083333333333334,0.5606310336708265,0.3170731707317073,0.4166666666666667,0.3333333333333333,0.5897435897435898,0.5652173913043478,0.3142857142857143,0.2222222222222222,0.8516666666666667,0.9416666666666667,0.955,0.9733333333333334,2.3507501293326434,1.050537245418936e-05
72,0.4560706556246006,nan,0.4595162570263869,0.2533054791662533,0.4560706556246006,0.7698703225888223,0.44132527493309437,0.43527239721252786,0.5569427659262065,0.3645744783637266,0.46285634327970154,0.5478297850292936,0.535282027860242,nan,0.5273465488416528,0.7083333333333334,0.535282027860242,0.1724137931034483,0.375,0.38235294117647056,0.6176470588235294,0.6222222222222222,0.45161290322580644,0.2923076923076923,0.8793284365162645,0.9643231899265478,0.9790136411332634,0.9884575026232949,2.3838592860838075,9.980092692884837e-06
73,0.40686741823227984,nan,0.40882073587744705,0.2715179935443289,0.40686741823227984,0.47157012419334954,0.7994403298216884,0.5658992678481426,0.37405477874730325,0.2711341159992685,0.372058381881158,0.5503019428362093,0.5674658212799683,nan,0.5625128733264676,0.6927083333333334,0.5674658212799683,0.463768115942029,0.21739130434782608,0.5384615384615384,0.6744186046511628,0.5862068965517241,0.44,0.275,0.8669201520912547,0.9448669201520913,0.9524714828897338,0.9695817490494296,2.4169684428349716,9.463063176947432e-06
74,0.4581554296526752,nan,0.4603225979002084,0.3086330044510153,0.4581554296526752,0.39483125102432337,0.6160669230088378,0.4393104150548409,0.4920236395532767,0.6902275015541943,0.3209487519873247,0.6271670754048739,0.5454545454545454,nan,0.5395869191049913,0.6875,0.5454545454545454,0.45,0.23529411764705882,0.29310344827586204,0.6904761904761905,0.41025641025641024,0.425,0.2898550724637681,0.8809090909090909,0.9590909090909091,0.9745454545454545,0.9881818181818182,2.4500775995861357,8.954849270561875e-06
75,0.4180857163576256,nan,0.4202563503418133,0.2794837812490791,0.4180857163576256,0.47175018875438407,0.5909440117512642,0.31553159173494566,0.4803722288202532,0.6271000198980278,0.4392218453619892,0.5510477268048328,0.5898134562984699,nan,0.5854990172526753,0.6927083333333334,0.5898134562984699,0.41818181818181815,0.2608695652173913,0.46511627906976744,0.6808510638297872,0.4418604651162791,0.33962264150943394,0.32558139534883723,0.9164969450101833,0.9694501018329938,0.9816700610997964,0.9877800407331976,2.4831867563372994,8.456006698173268e-06
76,0.4171512341784553,nan,0.41885757749222774,0.3204751602706819,0.4171512341784553,0.49107029087327675,0.6383182772380465,0.25815719503202117,0.20267427575618518,0.8726865553800724,0.45294326938587354,0.6413037284159312,0.5978038815117467,nan,0.5931793770139635,0.6875,0.5978038815117467,0.14285714285714285,0.17391304347826086,0.5,0.7727272727272727,0.5862068965517241,0.4411764705882353,0.20588235294117646,0.9337748344370861,0.9823399558498896,0.9823399558498896,0.9889624724061811,2.5162959130884635,7.967080936810592e-06
77,0.4868592001537331,nan,0.48965746402135346,0.2854870580107404,0.4868592001537331,0.4668877795817987,0.4380785652917362,0.5602230158339326,0.7100248891403024,0.2940809242410655,0.46205210833689064,0.27188735483042664,0.5752961082910322,nan,0.5705467372134039,0.6875,0.5752961082910322,0.4418604651162791,0.40425531914893614,0.3170731707317073,0.625,0.5869565217391305,0.3409090909090909,0.51,0.8547794117647058,0.9356617647058824,0.9632352941176471,0.9797794117647058,2.5494050698396276,7.48860661961556e-06
78,0.4517268930238134,nan,0.4535559804660208,0.3320574881397038,0.4517268930238134,0.41194633973830175,0.4172199130839818,0.607737505911953,0.4173567643046668,0.41615935234808993,0.28902313489838344,0.3294845957329199,0.5447429659403427,nan,0.538037486218302,0.703125,0.5447429659403427,0.4222222222222222,0.5,0.2909090909090909,0.7755102040816326,0.5675675675675675,0.4418604651162791,0.41025641025641024,0.8326797385620915,0.9411764705882353,0.9581699346405229,0.9751633986928104,2.5825142265907917,7.021106951229136e-06
79,0.4494498787617078,nan,0.452693866263485,0.2527598177341266,0.4494498787617078,0.5744999861358372,0.6072292812168597,0.4309585768132632,0.5049564396141933,0.2927651526936655,0.4465043949462053,0.5847657003603991,0.5743567378979503,nan,0.5682749203459263,0.7135416666666666,0.5743567378979503,0.3877551020408163,0.3125,0.3888888888888889,0.46875,0.6410256410256411,0.36363636363636365,0.21153846153846154,0.8863049095607235,0.958656330749354,0.9689922480620154,0.9819121447028424,2.6156233833419553,6.56509313567494e-06
80,0.45524363289770003,nan,0.45743031608453694,0.30163027545358445,0.45524363289770003,0.3792633136538104,0.6854060539057557,0.4024990941704106,0.5728823468321227,0.39078244716615596,0.5800878384817716,0.2787335430533999,0.5495571488823281,nan,0.5435164835164835,0.6927083333333334,0.5495571488823281,0.32857142857142857,0.25925925925925924,0.4634146341463415,0.6326530612244898,0.47058823529411764,0.2619047619047619,0.5529411764705883,0.8954041204437401,0.9667194928684627,0.9730586370839936,0.9809825673534073,2.6487325400931194,6.121063817365152e-06
81,0.4420903310007849,nan,0.4439202786107028,0.3160735271147543,0.4420903310007849,0.5355249120239258,0.7912127754441362,0.5155056990625471,0.6552353977981513,0.35299240165189044,0.404952636599046,0.4568870309879916,0.5378834044281942,nan,0.5320228281547241,0.6822916666666666,0.5378834044281942,0.36538461538461536,0.21739130434782608,0.35185185185185186,0.5102040816326531,0.5,0.4423076923076923,0.26,0.8618556701030928,0.9443298969072165,0.9628865979381444,0.9731958762886598,2.6818416968442835,5.689504535840178e-06
82,0.39158981150309424,nan,0.3940025334194745,0.24917601310301835,0.39158981150309424,0.47941719360610924,0.5986911530801378,0.3926842557971609,0.49333738516486697,0.24819379023054297,0.22182234644221918,0.3668006227331878,0.5786336542870243,nan,0.5724220623501199,0.7135416666666666,0.5786336542870243,0.3269230769230769,0.21739130434782608,0.5161290322580645,0.5348837209302325,0.5714285714285714,0.5714285714285714,0.3611111111111111,0.9024896265560166,0.9585062240663901,0.975103734439834,0.9854771784232366,2.7149508535954476,5.270887194838262e-06
83,0.4057747852269009,nan,0.40769282801623796,0.26907244474709446,0.4057747852269009,0.6017168984085607,0.7030024324897713,0.6477396027092489,0.19612930502548107,0.42784625486013605,0.3632658497474301,0.4893037479653923,0.5788762309326124,nan,0.5738921195107279,0.7083333333333334,0.5788762309326124,0.3333333333333333,0.32075471698113206,0.2982456140350877,0.7241379310344828,0.44680851063829785,0.4807692307692308,0.2857142857142857,0.8421052631578947,0.9269602577873255,0.9430719656283566,0.9591836734693877,2.7480600103466113,4.86566954627572e-06
84,0.42113035947742294,nan,0.42355197552783386,0.25758716265899695,0.42113035947742294,0.39530299917407,0.40530006435499694,0.325962687961339,0.5380703348988546,0.2655122650003923,0.3526383160103434,0.5858372646943683,0.5983068783068783,nan,0.5949702183984117,0.6770833333333334,0.5983068783068783,0.32075471698113206,0.46938775510204084,0.42857142857142855,0.5882352941176471,0.673469387755102,0.46511627906976744,0.20512820512820512,0.9094387755102041,0.9706632653061225,0.9808673469387755,0.9910714285714286,2.7811691670977754,4.474294689701916e-06
85,0.46615800294718823,nan,0.46980496710666564,0.2608439886310142,0.46615800294718823,0.32302806189408273,0.48394371341296144,0.30477485714438635,0.4945946029502331,0.2966182250900478,0.6444172902267996,0.7502414969567326,0.5815688161693936,nan,0.5759334006054491,0.6979166666666666,0.5815688161693936,0.34285714285714286,0.4,0.4857142857142857,0.5641025641025641,0.53125,0.38235294117647056,0.4,0.9137614678899083,0.9743119266055046,0.9779816513761468,0.9944954128440368,2.8142783238489395,4.097190587776392e-06
86,0.4425093669436149,nan,0.44501404913415854,0.2812875614906181,0.4425093669436149,0.3461200107648163,0.4861699492727448,0.3236465167730401,0.3260997876387073,0.4071838044108561,0.3747176667444211,0.7499985368684594,0.5775211017325633,nan,0.57169373549884,0.7083333333333334,0.5775211017325633,0.4897959183673469,0.3469387755102041,0.46296296296296297,0.7368421052631579,0.5897435897435898,0.49019607843137253,0.2553191489361702,0.9176470588235294,0.9752941176470589,0.9788235294117648,0.9835294117647059,2.8473874806001036,3.7347695982980237e-06
87,0.4040047983229595,nan,0.40633487060826534,0.2536178648632062,0.4040047983229595,0.5598562636955638,0.37966149702990654,0.35455121428108727,0.34277628959699413,0.4172790856100619,0.37414344713844905,0.5129908023761972,0.6071039442144258,nan,0.6031385035251308,0.6979166666666666,0.6071039442144258,0.3953488372093023,0.34615384615384615,0.6,0.5967741935483871,0.5277777777777778,0.4,0.2765957446808511,0.9202334630350194,0.9688715953307393,0.9824902723735408,0.9863813229571985,2.8804966373512673,3.387428023297795e-06
88,0.3892592610098682,nan,0.3918800588614001,0.230145926173631,0.3892592610098682,0.419818961739207,0.5058140064956566,0.4371222449432317,0.5101643131181918,0.480112297005377,0.3618105683067346,0.5094183416425859,0.580040187541862,nan,0.5740611149988337,0.7135416666666666,0.580040187541862,0.49230769230769234,0.391304347826087,0.42857142857142855,0.5471698113207547,0.6,0.5333333333333333,0.25,0.9025974025974026,0.9502164502164502,0.9696969696969697,0.974025974025974,2.9136057941024314,3.0555456756883494e-06
89,0.4167054544938831,nan,0.41913957804522745,0.270536221042177,0.4167054544938831,0.47579767264291584,0.5996245189833764,0.49161062559655494,0.3993303486631565,0.2954631895173771,0.32711890017114326,0.4968747333983206,0.5706794843784138,nan,0.5651083238312429,0.6979166666666666,0.5706794843784138,0.4117647058823529,0.25,0.4444444444444444,0.65,0.6041666666666666,0.4888888888888889,0.22857142857142856,0.8738738738738738,0.948948948948949,0.9669669669669669,0.975975975975976,2.9467149508535955,2.7394854639441513e-06
90,0.40909463657680883,nan,0.4110985809445727,0.2591781235515511,0.40909463657680883,0.421563719349471,0.7160925916994113,0.343351143657415,0.7295313903743166,0.39264984696721594,0.35472856115440615,0.4954208475800006,0.5969141755062681,nan,0.5928299619467254,0.703125,0.5969141755062681,0.3548387096774194,0.3023255813953488,0.5192307692307693,0.6481481481481481,0.5365853658536586,0.40425531914893614,0.11688311688311688,0.9192546583850931,0.9602484472049689,0.9726708074534162,0.986335403726708,2.9798241076047596,2.4395929952663957e-06
91,0.40775352329559084,nan,0.4103855815644702,0.2492704752903836,0.40775352329559084,0.4216069671943504,0.5855710052515758,0.40306537242203094,0.30372073214551737,0.35050547169167384,0.3997561985095536,0.44856897805637974,0.5919070167886353,nan,0.5868881903906601,0.7083333333333334,0.5919070167886353,0.4098360655737705,0.36666666666666664,0.425,0.6382978723404256,0.5813953488372093,0.4857142857142857,0.3404255319148936,0.8888888888888888,0.975517890772128,0.9811676082862524,0.9887005649717514,3.0129332643559232,2.156196197666605e-06
92,0.42884239960892057,nan,0.4314914873567016,0.27934221778773394,0.42884239960892057,0.38625401564979855,0.41112489782033423,0.4380429058649454,0.2222587383048443,0.26158629217746826,0.3460577267014743,0.5220609382691731,0.5755428571428571,nan,0.5704040162562753,0.6875,0.5755428571428571,0.29545454545454547,0.5,0.475,0.6326530612244898,0.4358974358974359,0.4782608695652174,0.20454545454545456,0.8907014681892332,0.9608482871125612,0.9690048939641109,0.9820554649265906,3.0460424211070873,1.889604961382158e-06
93,0.4243277960912291,nan,0.42675164122928366,0.2585801507796492,0.4243277960912291,0.555243500438892,0.4838258667233684,0.41337190340929064,0.3468813392145329,0.2530729845593292,0.40394751989808164,0.5924410838149441,0.5739946927944478,nan,0.5683025281495645,0.7135416666666666,0.5739946927944478,0.3181818181818182,0.5384615384615384,0.32,0.723404255319149,0.6060606060606061,0.5,0.09876543209876543,0.8902116402116402,0.9563492063492064,0.9695767195767195,0.9841269841269841,3.0791515778582514,1.6401108000158848e-06
94,0.41646686542901856,nan,0.4191295614241307,0.2502733636303439,0.41646686542901856,0.5244454284563012,0.5886486062508213,0.4884325334973745,0.5120074076334197,0.32773156458814484,0.4438800701053461,0.5549173339111484,0.592568866111467,nan,0.586729013582721,0.7291666666666666,0.592568866111467,0.36666666666666664,0.3508771929824561,0.36585365853658536,0.5918367346938775,0.48214285714285715,0.36585365853658536,0.2222222222222222,0.8621291448516579,0.944153577661431,0.9668411867364747,0.9842931937172775,3.1122607346094155,1.4079865317702014e-06
95,0.474767205257249,nan,0.4783578321410553,0.26282425558807077,0.474767205257249,0.4770108093172658,0.7124406718453786,0.6045891567231017,0.44131932533033935,0.39184140543491486,0.45865235883915995,0.6456771684927984,0.5525821596244131,nan,0.5449852507374632,0.7135416666666666,0.5525821596244131,0.3548387096774194,0.21951219512195122,0.28888888888888886,0.6388888888888888,0.5909090909090909,0.3939393939393939,0.2857142857142857,0.8402282453637661,0.9429386590584878,0.9557774607703281,0.9686162624821684,3.145369891360579,1.1934859811244234e-06
96,0.4329630985057616,nan,0.4352399760545965,0.2916413503487905,0.4329630985057616,0.5006335075147198,0.6429342591542415,0.316530723559963,0.57159302115192,0.43522319341559734,0.3747997833891365,0.5374136578782144,0.5676954268979499,nan,0.5615728749705674,0.703125,0.5676954268979499,0.5223880597014925,0.2916666666666667,0.4375,0.6379310344827587,0.4444444444444444,0.5853658536585366,0.22807017543859648,0.901060070671378,0.9770318021201413,0.9858657243816255,0.9929328621908127,3.1784790481117433,9.968437012814097e-07
97,0.4367653905949174,nan,0.4388288289942934,0.29751588756786307,0.4367653905949174,0.3938359122343662,0.606780559767467,0.6029327625709197,0.6135620734684176,0.5823859252074961,0.35097286514119386,0.7843901993631871,0.5408535277718207,nan,0.5338850369044956,0.703125,0.5408535277718207,0.3333333333333333,0.20833333333333334,0.2222222222222222,0.55,0.5116279069767442,0.38461538461538464,0.12121212121212122,0.8397849462365592,0.932258064516129,0.9548387096774194,0.9741935483870968,3.2115882048629074,8.182747176871001e-07
98,0.4419709335773659,nan,0.44503807332159406,0.25722932281474564,0.4419709335773659,0.30799248182089917,0.4353196847630111,0.6158830464085402,0.8132282703357693,0.410484774976366,0.5029371074618105,0.42336815013797935,0.5742877325170709,nan,0.5686806411837237,0.6927083333333334,0.5742877325170709,0.5161290322580645,0.391304347826087,0.43902439024390244,0.5952380952380952,0.5116279069767442,0.3404255319148936,0.34285714285714286,0.864951768488746,0.9212218649517685,0.9437299035369775,0.9614147909967846,3.2446973616140715,6.579742929033338e-07
99,0.45956157340986725,nan,0.46233816965680574,0.2672899487914273,0.45956157340986725,0.27557437232371124,0.4985760089570479,0.5560796958014259,0.4231936975221979,0.42446844607377565,0.3915328622352551,0.588527584996134,0.5546731826511913,nan,0.5490570036024581,0.6927083333333334,0.5546731826511913,0.5675675675675675,0.4264705882352941,0.3870967741935484,0.64,0.5882352941176471,0.4186046511627907,0.17857142857142858,0.8690205011389521,0.9476082004555809,0.9624145785876993,0.9726651480637813,3.277806518365235,5.161177130910996e-07
100,0.4523767329778965,nan,0.4547516373217778,0.2868117368009285,0.4523767329778965,0.4079392243770007,0.5904083708524809,0.4573580782997233,0.3193957300715651,0.49019193913727094,0.4154834928193367,0.4722450274623429,0.5633160621761658,nan,0.5573062810274121,0.7083333333333334,0.5633160621761658,0.3488372093023256,0.2702702702702703,0.4032258064516129,0.58,0.6166666666666667,0.4,0.3076923076923077,0.8852097130242825,0.9536423841059603,0.9657836644591612,0.977924944812362,3.3109156751163993,3.9286009633770644e-07
101,0.3895681186174683,nan,0.39166936051435164,0.26473354164092555,0.3895681186174683,0.5468656241167148,0.7068019617636195,0.29522688743883724,0.3862489572617797,0.4629810096429927,0.34793223602971896,0.4649032006067424,0.5779665015333805,nan,0.5722757598220904,0.6979166666666666,0.5779665015333805,0.275,0.23529411764705882,0.4,0.7674418604651163,0.4857142857142857,0.45,0.2727272727272727,0.9186295503211992,0.9721627408993576,0.9828693790149893,0.9914346895074947,3.3440248318675634,2.883362230374274e-07
102,0.434380358245024,nan,0.4371024126854404,0.2527877787424753,0.434380358245024,0.5943223511875754,0.5364994082761845,0.518252919367772,0.49016990353273604,0.4804742426356372,0.3661204757729701,0.5472711236395229,0.5713722397476341,nan,0.5670081967213115,0.6822916666666666,0.5713722397476341,0.3902439024390244,0.2857142857142857,0.41379310344827586,0.6136363636363636,0.46938775510204084,0.5384615384615384,0.3064516129032258,0.8688699360341151,0.9509594882729211,0.964818763326226,0.9733475479744137,3.3771339886187275,2.0266038851110846e-07
103,0.48440087228594414,nan,0.4873586352728901,0.29358980790736855,0.48440087228594414,0.5866015224176844,0.4184083695155244,0.3330326307780797,0.5798245868242019,0.3434090849374088,0.318367061792473,0.5590328353761337,0.5710900473933649,nan,0.5656179775280898,0.6979166666666666,0.5710900473933649,0.38461538461538464,0.3392857142857143,0.4827586206896552,0.6666666666666666,0.6170212765957447,0.5681818181818182,0.24,0.906801007556675,0.9773299748110831,0.9899244332493703,0.9924433249370277,3.410243145369891,1.3592627802592548e-07
104,0.4041892267481924,nan,0.40607679786038764,0.2634901763974097,0.4041892267481924,0.514003020720471,0.5769275439065813,0.4388929959361366,0.12931226614646968,0.3664302705414094,0.40770096087089214,0.5786114744894277,0.5728269381362568,nan,0.5683482506102523,0.6875,0.5728269381362568,0.3269230769230769,0.37254901960784315,0.39285714285714285,0.6956521739130435,0.6,0.35185185185185186,0.22448979591836735,0.8852459016393442,0.9566744730679156,0.968384074941452,0.9836065573770492,3.4433523021210553,8.8206864351915e-08
105,0.4249227277523468,nan,0.42685116223262887,0.28874267559302497,0.4249227277523468,0.41930079214397753,0.4812143131987088,0.4279345628668396,0.4091127481528117,0.6208249229002303,0.39424387975368314,0.5548604673911868,0.5650179497407259,nan,0.5586893405226048,0.7239583333333334,0.5650179497407259,0.5510204081632653,0.275,0.4626865671641791,0.6229508196721312,0.46153846153846156,0.32,0.2982456140350877,0.8769389865563598,0.9648397104446742,0.9762150982419855,0.9896587383660806,3.4764614588722194,5.955432796731729e-08
