iter_num,cross_entropy,detached_cross_entropy,learning_rate
1,0.5275775134041829,0.6333298200411651,7e-07
2,0.4957355738381329,0.6281100491213303,1.4e-06
3,0.5831564333828787,0.7115058415580716,2.1e-06
4,0.5926794171682033,0.5956939734434905,2.8e-06
5,0.5143481016179455,0.6159637233648824,3.4999999999999995e-06
6,0.49247141273434303,0.616735373782929,4.2e-06
7,0.48130126528454775,0.6318691788185015,4.9e-06
8,0.531114100262101,0.5896338269046882,5.6e-06
9,0.47564286286112056,0.5795190093758342,6.299999999999999e-06
10,0.534866859098752,0.5978131376267196,6.999999999999999e-06
11,0.509233763604001,0.6304739448853163,7.699999999999999e-06
12,0.48227402170179384,0.6102323743353716,8.4e-06
13,0.5251614048598516,0.6813333432505879,9.1e-06
14,0.43836625253754397,0.6017232900947821,9.8e-06
15,0.456300454654041,0.6500698580156238,1.05e-05
16,0.4085458668725242,0.6777971482126487,1.12e-05
17,0.44349081651019573,0.5713247926951097,1.1899999999999998e-05
18,0.4987582494701751,0.5806468204678864,1.2599999999999998e-05
19,0.4702741322679254,0.5626510277346731,1.3299999999999998e-05
20,0.5536355577337193,0.6165052547633468,1.3999999999999998e-05
21,0.48719059178017726,0.6659297681572137,1.47e-05
22,0.48690850902084704,0.5656498178943016,1.5399999999999998e-05
23,0.4793994266908328,0.6146895658525517,1.61e-05
24,0.4866328347782317,0.5847035905457503,1.68e-05
25,0.4653992047154088,0.5981427874118137,1.75e-05
26,0.5031318351512691,0.5931565801564807,1.82e-05
27,0.45791303571113917,0.6142429976332391,1.89e-05
28,0.4683847931462887,0.6346729177802398,1.96e-05
29,0.46028356783786883,0.6081965100289707,2.0299999999999995e-05
30,0.4391822974622344,0.6479063912525889,2.1e-05
31,0.42890116415587504,0.6102786088621966,2.1699999999999996e-05
32,0.5888430934471465,0.5817603619626531,2.24e-05
33,0.49114812699065424,0.6050230409735313,2.31e-05
34,0.46983157980393064,0.6031080741127747,2.3799999999999996e-05
35,0.4996902642731133,0.5903584038651309,2.45e-05
36,0.467606923523663,0.6266875791247598,2.5199999999999996e-05
37,0.5740984560534681,0.6007244214192557,2.59e-05
38,0.6098680217758357,0.6091533391445667,2.6599999999999996e-05
39,0.40488301018951595,0.5867107070096815,2.73e-05
40,0.4853739447491872,0.5933434340313992,2.7999999999999996e-05
41,0.5417290048138743,0.5402215320971596,2.8699999999999996e-05
42,0.4655698366615561,0.5971318254742505,2.94e-05
43,0.4323868552932569,0.6160840955650361,3.0099999999999996e-05
44,0.5159990758604,0.6927145081399999,3.0799999999999996e-05
45,0.463324012102606,0.6140388649881717,3.149999999999999e-05
46,0.5174975948298861,0.6433891676632684,3.22e-05
47,0.4379237026226956,0.584417788810929,3.289999999999999e-05
48,0.5149468948055066,0.6204868097189095,3.36e-05
49,0.49575253116337464,0.6685496930077133,3.43e-05
50,0.4716099369867065,0.6076737027510076,3.5e-05
51,0.49346007116905805,0.6508951253440506,3.5e-05
52,0.47534898280583443,0.5829502976201836,3.499971492418516e-05
53,0.4577963979946687,0.6693561468632291,3.499885970604173e-05
54,0.4764518283154432,0.6154488818848669,3.4997434373472653e-05
55,0.4724460752088126,0.6046107385632624,3.499543897298183e-05
56,0.510374883053039,0.5852618732452404,3.4992873569672606e-05
57,0.4361563407620796,0.5824612422216108,3.498973824724562e-05
58,0.4439808545415216,0.5903097712918624,3.498603310799612e-05
59,0.5988803289563109,0.6665843083818312,3.4981758272810586e-05
60,0.5167765055557307,0.6875787281242403,3.497691388116277e-05
61,0.5107000814352471,0.6284264999495368,3.497150009110922e-05
62,0.4657652649755094,0.617127919109125,3.496551707928404e-05
63,0.4427463451891804,0.6836923104432291,3.495896504089319e-05
64,0.4554619600887677,0.5639575170604404,3.495184418970807e-05
65,0.48249309213154645,0.6035282553307414,3.4944154758058585e-05
66,0.4717274590268522,0.6013212350657027,3.493589699682553e-05
67,0.4195043167332221,0.6044010584694329,3.4927071175432416e-05
68,0.48239505422062195,0.5933849330839015,3.491767758183671e-05
69,0.41256295300133183,0.5580530644465913,3.490771652252038e-05
70,0.5279339890327059,0.6625550005083102,3.4897188322479974e-05
71,0.512440989954951,0.6596220138204565,3.488609332521591e-05
72,0.5243107081020569,0.6524494652941757,3.487443189272139e-05
73,0.4653392570123713,0.5908962489423625,3.48622044054705e-05
74,0.4469196223935201,0.6351646180976561,3.484941126240582e-05
75,0.4871098103543628,0.6315683685504271,3.4836052880925445e-05
76,0.5268919889702235,0.5533104412911394,3.48221296968693e-05
77,0.40242421514318455,0.5923630164466046,3.4807642164504976e-05
78,0.5429180459296179,0.5979426995896818,3.479259075651288e-05
79,0.5016124560367866,0.6170751873704494,3.477697596397084e-05
80,0.4863355376930378,0.5897993657256009,3.476079829633804e-05
81,0.5032634659351689,0.6144544837793201,3.474405828143843e-05
82,0.4715471616542885,0.6123595688420789,3.472675646544351e-05
83,0.4508292776151133,0.5738587985728686,3.4708893412854467e-05
84,0.517155758330068,0.6416169823297165,3.469046970648383e-05
85,0.4348447007568767,0.5722609794805613,3.467148594743638e-05
86,0.4744905139077392,0.5587823202488806,3.465194275508957e-05
87,0.439709274618219,0.6125568597992055,3.463184076707334e-05
88,0.518892564804097,0.6390527069223462,3.461118063924927e-05
89,0.4149057839533947,0.6534673028382465,3.458996304568921e-05
90,0.4542390264345348,0.6447172416353654,3.456818867865328e-05
91,0.479807130026268,0.6202433533129872,3.4545858248567276e-05
92,0.48557162171456536,0.6062630369091281,3.45229724839995e-05
93,0.49625419920339114,0.5985671730980485,3.449953213163699e-05
94,0.4714069449231722,0.6316592527950755,3.447553795626116e-05
95,0.4514491574633598,0.6353588279687356,3.445099074072282e-05
96,0.44602595826315755,0.6141617950098686,3.44258912859167e-05
97,0.5112215526484124,0.5943029274265258,3.4400240410755223e-05
98,0.5769692013167758,0.622330410543358,3.4374038952141886e-05
99,0.41959506363087606,0.5054101527658763,3.4347287764943874e-05
100,0.4685456579077382,0.594395342410037,3.431998772196423e-05
101,0.5155373309021956,0.60492275591703,3.429213971391334e-05
102,0.5151051438520127,0.6194931587384728,3.426374464937987e-05
103,0.5276288582280904,0.6682607324120432,3.4234803454801176e-05
104,0.5632104410474985,0.6070585614586373,3.4205317074432975e-05
105,0.4614736223885158,0.6014516609335119,3.4175286470318655e-05
106,0.5096222002012957,0.6061556268809918,3.4144712622257804e-05
107,0.4491816862161409,0.6442730442034157,3.411359652777428e-05
108,0.4531092084883774,0.5987310546972027,3.4081939202083626e-05
109,0.49894344967795734,0.6335903810770144,3.404974167806001e-05
110,0.469935281921348,0.6019553173245513,3.401700500620248e-05
111,0.5142352081615339,0.6511317628824262,3.3983730254600696e-05
112,0.5640866675966577,0.5680419190067022,3.394991850890007e-05
113,0.4263766445210677,0.5705789904337772,3.391557087226639e-05
114,0.44655911857898567,0.6020994816321402,3.388068846534978e-05
115,0.49721833447435115,0.6651988848207686,3.384527242624817e-05
116,0.4177290347571723,0.55501892361839,3.380932391047013e-05
117,0.6871945534296378,0.622709605804656,3.377284409089719e-05
118,0.5862767794308158,0.6460658141875537,3.373583415774559e-05
119,0.4406504360512364,0.6550152530643337,3.3698295318527406e-05
120,0.4674168069370791,0.6235173274883575,3.36602287980112e-05
121,0.47701200199196486,0.6041077590000223,3.3621635838182e-05
122,0.4474642880449515,0.6147639944846329,3.358251769820085e-05
123,0.43362709618291634,0.5875176310764835,3.354287565436367e-05
124,0.4680306397143226,0.5668104929079756,3.3502711000059615e-05
125,0.4011393895922246,0.5213983909470173,3.346202504572895e-05
126,0.4148034476213041,0.5836304726885174,3.3420819118820205e-05
127,0.4786082174965552,0.5635610741275437,3.33790945637469e-05
128,0.5343468540250321,0.5773198332099192,3.333685274184369e-05
129,0.4906721375646529,0.5991084892056903,3.329409503132194e-05
130,0.4947862332926205,0.628500448180234,3.325082282722476e-05
131,0.46762414065125807,0.566382034792029,3.3207037541381485e-05
132,0.5418138291481923,0.6531171473744577,3.316274060236163e-05
133,0.5285771542317937,0.6277638193386089,3.311793345542824e-05
134,0.5052610474276871,0.6674352601621677,3.307261756249078e-05
135,0.5145518289380583,0.5841704109815579,3.3026794402057426e-05
136,0.5543298786019145,0.6318176918467028,3.29804654691868e-05
137,0.4732199674295998,0.607890208541281,3.293363227543923e-05
138,0.47054498037215126,0.6101234213774454,3.28862963488274e-05
139,0.45240050631262413,0.6233718370750922,3.283845923376651e-05
140,0.4457718127933941,0.6345529127238221,3.2790122491023905e-05
141,0.46283381036983595,0.5814958604829755,3.27412876976681e-05
142,0.46734092322120946,0.643202181267695,3.26919564470174e-05
143,0.5098215922120527,0.6505624343352472,3.2642130348587837e-05
144,0.5827496434877304,0.6110693413015018,3.259181102804072e-05
145,0.44459360117739216,0.578224062868099,3.254100012712956e-05
146,0.4691913706216003,0.621265847713808,3.248969930364652e-05
147,0.484516009427137,0.6391694047422461,3.2437910231368294e-05
148,0.48793275763926314,0.6240535607961604,3.238563460000158e-05
149,0.5264187754931241,0.6372351768386169,3.233287411512783e-05
150,0.49702855763312065,0.574915392827158,3.227963049814771e-05
151,0.5070650400314599,0.6360467458793142,3.222590548622489e-05
152,0.48132021423857974,0.6092690939750148,3.217170083222935e-05
153,0.4312407676751681,0.5823166111635059,3.2117018304680225e-05
154,0.5516644302683447,0.626803416060673,3.2061859687688086e-05
155,0.5458520918289775,0.5966577851686561,3.200622678089673e-05
156,0.5680600696056142,0.6423237892238238,3.195012139942447e-05
157,0.42652175007597753,0.5669128668758282,3.189354537380491e-05
158,0.5151321542409482,0.6049456671922488,3.1836500549927196e-05
159,0.4957163692704246,0.6347399318312095,3.177898878897586e-05
160,0.45571456271764116,0.6050502437490187,3.1721011967370024e-05
161,0.5483962162965129,0.6315397601425855,3.1662571976702204e-05
162,0.46565432871530543,0.5667087201877431,3.160367072367661e-05
163,0.4676989193554384,0.6333825562941316,3.1544310130046896e-05
164,0.42017223481134863,0.5727126715054348,3.1484492132553526e-05
165,0.48587535084697653,0.6162491857988828,3.14242186828605e-05
166,0.43995975441458274,0.627157961568813,3.136349174749176e-05
167,0.40140662513160663,0.6423316703075211,3.130231330776695e-05
168,0.48237813868377055,0.5899790538527423,3.124068535973686e-05
169,0.5208671536525021,0.6746456882969258,3.1178609914118205e-05
170,0.47583987255298127,0.5841757864372,3.11160889962281e-05
171,0.39520438888085924,0.5484846275424292,3.1053124645917966e-05
172,0.4815917076146558,0.6410753169619902,3.098971891750692e-05
173,0.5192792769501055,0.6664296830225266,3.0925873879714806e-05
174,0.4695524245768965,0.6564610532574429,3.086159161559471e-05
175,0.4512017339627635,0.5775558161108453,3.079687422246495e-05
176,0.41796406492025584,0.596726616747001,3.0731723811840665e-05
177,0.4578292589522358,0.617004759548048,3.0666142509364926e-05
178,0.4151125514029311,0.6367648392396875,3.06001324547394e-05
179,0.5008832906189423,0.6025346948545065,3.053369580165452e-05
180,0.47999121998716904,0.5982622578367927,3.046683471771921e-05
181,0.46058150565035194,0.5784404374936537,3.039955138439017e-05
182,0.5031782593906683,0.629368877940127,3.0331847996900725e-05
183,0.4738141595665385,0.6426624244510305,3.0263726764189165e-05
184,0.5670391294967887,0.642084117122275,3.0195189908826693e-05
185,0.4306352053363036,0.568822900678379,3.012623966694492e-05
186,0.4550362348165472,0.6367463555264951,3.005687828816289e-05
187,0.4819550066364861,0.6460507823265755,2.9987108035513674e-05
188,0.5040422665016975,0.5907468309168294,2.9916931185370575e-05
189,0.45557929982696194,0.5928910958301756,2.9846350027372818e-05
190,0.5065096293646963,0.679465374287312,2.9775366864350854e-05
191,0.46067396935254207,0.5970443302692598,2.9703984012251256e-05
192,0.4574784709217593,0.6038583853556274,2.9632203800061097e-05
193,0.4479825297563293,0.584686894677964,2.9560028569732028e-05
194,0.4766786866784072,0.6049447424544838,2.9487460676103832e-05
195,0.5337527336857105,0.6251185039081941,2.9414502486827602e-05
196,0.44210309061064396,0.5999308998608224,2.9341156382288486e-05
197,0.571861687572032,0.5839474628691231,2.926742475552803e-05
198,0.502585952202454,0.6230466136466264,2.9193310012166108e-05
199,0.5603422239231534,0.5816411225516176,2.911881457032241e-05
200,0.5180990049891065,0.6141713181874562,2.9043940860537567e-05
201,0.45498284720763116,0.5859984666168087,2.8968691325693856e-05
202,0.4434611246350554,0.6001350512832095,2.889306842093547e-05
203,0.524394739043879,0.6346915871914365,2.8817074613588446e-05
204,0.4616708221815771,0.5814993179026157,2.874071238308014e-05
205,0.4789304640421285,0.6516498513110927,2.866398422085835e-05
206,0.4652552872468955,0.6006421654653956,2.8586892630310007e-05
207,0.43573542614016686,0.6047197126583388,2.850944012667952e-05
208,0.4311579953271806,0.656327069708808,2.84316292369867e-05
209,0.5148143255166329,0.6194356448964792,2.8353462499944302e-05
210,0.42255250619416135,0.6476027883027283,2.827494246587523e-05
211,0.4674636275962469,0.5843952781167342,2.819607169662928e-05
212,0.4788610415435137,0.6273948245881023,2.81168527654996e-05
213,0.45047937702219604,0.6013472965603621,2.80372882571387e-05
214,0.4041813461499385,0.6048699822514716,2.795738076747414e-05
215,0.46096668623182946,0.6210265697421331,2.7877132903623834e-05
216,0.4393023556571699,0.5748402172664587,2.7796547283810965e-05
217,0.4798228575870433,0.5976544868278121,2.771562653727861e-05
218,0.4376815117714422,0.5291658178403013,2.7634373304203894e-05
219,0.4049965917951919,0.568110465241755,2.7552790235611902e-05
220,0.5201774238600522,0.6313871811679301,2.747087999328916e-05
221,0.4331669326241133,0.5848268789626014,2.7388645249696792e-05
222,0.4641551627630985,0.6718383569177283,2.730608868788332e-05
223,0.5513315007238558,0.5990959580268264,2.7223213001397157e-05
224,0.5214198211731623,0.6192241932460801,2.714002089419867e-05
225,0.4111777040543414,0.6667687303066108,2.7056515080572026e-05
226,0.43847312679965617,0.5923294160619427,2.6972698285036566e-05
227,0.47675528914961524,0.6179938399230714,2.6888573242257964e-05
228,0.4861077375757694,0.6164061296194229,2.680414269695898e-05
229,0.5294559891946681,0.6443165908609991,2.671940940382992e-05
230,0.4272849319468176,0.5448098302783129,2.663437612743873e-05
231,0.4588574213357092,0.6471725753922392,2.6549045642140857e-05
232,0.45594537976911137,0.631040352260104,2.646342073198867e-05
233,0.42604244777735795,0.5403725153717579,2.6377504190640656e-05
234,0.45686700933130076,0.5789221216504443,2.6291298821270265e-05
235,0.4671888937163397,0.6115075729926333,2.6204807436474454e-05
236,0.40747863257918926,0.6053804860329074,2.6118032858181927e-05
237,0.44944282382742207,0.6270291392534623,2.6030977917561043e-05
238,0.45673233503243793,0.5796395590380071,2.594364545492747e-05
239,0.4594883164369726,0.6014191299504438,2.5856038319651513e-05
240,0.509012619119039,0.5652601048210457,2.5768159370065116e-05
241,0.49305001262823406,0.6325280457181731,2.5680011473368647e-05
242,0.48114588581546375,0.613065166600264,2.5591597505537323e-05
243,0.4631729402161041,0.5475667862050063,2.5502920351227386e-05
244,0.5080562160493868,0.6279937557334567,2.5413982903681994e-05
245,0.444670666563363,0.5536289439853402,2.5324788064636792e-05
246,0.40042090647452055,0.6081022706547587,2.5235338744225288e-05
247,0.4956703770471824,0.668776691947034,2.5145637860883864e-05
248,0.47820055098865716,0.6347943430123603,2.5055688341256573e-05
249,0.3895257185700945,0.6218493934454866,2.4965493120099644e-05
250,0.44941133032851666,0.572268075140499,2.4875055140185744e-05
251,0.47583700212040814,0.6027588963028064,2.4784377352207965e-05
252,0.5044162535393463,0.6356803381424794,2.4693462714683527e-05
253,0.4459022496292571,0.6063910280678435,2.460231419385728e-05
254,0.4334284034900996,0.6334239088008566,2.4510934763604924e-05
255,0.3773827279700524,0.563169486795884,2.441932740533595e-05
256,0.47636966929488483,0.670936856431303,2.4327495107896416e-05
257,0.44252775206429107,0.6148163356625045,2.4235440867471372e-05
258,0.39230315652030484,0.5630563540949235,2.4143167687487172e-05
259,0.41531964200393756,0.6150673006476655,2.4050678578513406e-05
260,0.4438614145517006,0.6895848327639107,2.395797655816475e-05
261,0.45969891408498625,0.6130230860396589,2.3865064651002446e-05
262,0.5041239057909035,0.6306622986389576,2.3771945888435692e-05
263,0.44405182160793394,0.6069496616491176,2.3678623308622648e-05
264,0.46749659212449063,0.6513931053278598,2.3585099956371385e-05
265,0.5035702231344431,0.6474802665328256,2.3491378883040518e-05
266,0.44912249070259835,0.6220391267183618,2.339746314643964e-05
267,0.5378025066025104,0.6053439567938609,2.330335581072957e-05
268,0.46423557130216536,0.6189030108761964,2.3209059946322365e-05
269,0.4873579641489488,0.6082063933457971,2.311457862978117e-05
270,0.43476738238247165,0.6619342443283869,2.3019914943719804e-05
271,0.4571217135697209,0.6502036026610208,2.2925071976702205e-05
272,0.44555999885929404,0.5935036160529567,2.2830052823141667e-05
273,0.4207697258898577,0.6204896966580056,2.2734860583199866e-05
274,0.43818808110324897,0.6201176275699041,2.2639498362685705e-05
275,0.4579717871900994,0.5317964611913382,2.2543969272954007e-05
276,0.4344689006782263,0.6013616270536302,2.2448276430803983e-05
277,0.4768613563696038,0.5760050721716483,2.2352422958377542e-05
278,0.5049032920971553,0.5816387183883187,2.2256411983057436e-05
279,0.470826487569746,0.5977835756706193,2.21602466373652e-05
280,0.5569221907423448,0.5720531702892119,2.206393005885899e-05
281,0.4804279388559301,0.6565570892999197,2.1967465390031188e-05
282,0.4598711688293854,0.6419157084064707,2.187085577820584e-05
283,0.4345757244513423,0.6167096863873789,2.1774104375436037e-05
284,0.4745117491685915,0.6379623700773164,2.167721433840104e-05
285,0.4507415667840411,0.5685869879236238,2.1580188828303285e-05
286,0.44128102243502587,0.6068984840185023,2.1483031010765232e-05
287,0.5148556195288987,0.6232983772999221,2.1385744055726116e-05
288,0.47421589225715055,0.7019539248674648,2.1288331137338494e-05
289,0.5456638223001626,0.6619872237340744,2.1190795433864696e-05
290,0.4600333367381159,0.5794483799819293,2.1093140127573115e-05
291,0.43377797325382483,0.5982888670631006,2.09953684046344e-05
292,0.5991331030956112,0.6448549256869724,2.0897483455017495e-05
293,0.46126596256647723,0.6368824114366372,2.079948847238554e-05
294,0.4848158991908584,0.6069842838608691,2.07013866539917e-05
295,0.5096703366921657,0.596796923763442,2.0603181200574838e-05
296,0.44764042769242823,0.5885468367806589,2.05048753162551e-05
297,0.406633979818612,0.6060416934909563,2.0406472208429335e-05
298,0.5095506929489964,0.6602194972669694,2.0307975087666478e-05
299,0.46954237234379065,0.5939038128747606,2.0209387167602824e-05
300,0.44423444302965137,0.6836204974515483,2.011071166483712e-05
301,0.4727296125800525,0.6107500068597995,2.001195179882566e-05
302,0.48569349322345484,0.6312672351430222,1.9913110791777225e-05
303,0.43331938937190745,0.6237927359812446,1.9814191868547983e-05
304,0.4437581152090215,0.570528989179533,1.9715198256536215e-05
305,0.4564171244237634,0.6057496870320811,1.9616133185577082e-05
306,0.4887627839846831,0.613242032887071,1.9516999887837194e-05
307,0.4283220330480354,0.5410182553826222,1.9417801597709194e-05
308,0.3703067458144157,0.6329455116781056,1.9318541551706193e-05
309,0.4520368759558656,0.6042463165654972,1.9219222988356204e-05
310,0.4087267872702225,0.5901595145586351,1.9119849148096467e-05
311,0.5111691429494271,0.6165880745550132,1.9020423273167724e-05
312,0.42170225911734,0.6292401207673425,1.8920948607508437e-05
313,0.4242393923250252,0.6312425801529298,1.882142839664895e-05
314,0.46698432353869346,0.57679807568349,1.872186588760559e-05
315,0.49965218803348255,0.5975469519121065,1.8622264328774752e-05
316,0.4076611166517963,0.6025099116737952,1.8522626969826872e-05
317,0.4595609393530628,0.6267912248088073,1.842295706160044e-05
318,0.4598762144508853,0.5803852247106112,1.832325785599592e-05
319,0.41456628522187294,0.5991690137779191,1.8223532605869664e-05
320,0.48196720418474887,0.6186436128221096,1.8123784564927744e-05
321,0.496134318753196,0.6797342542318023,1.802401698761984e-05
322,0.510233836090877,0.6127187047010565,1.7924233129033046e-05
323,0.46888358131190355,0.5893796437287546,1.7824436244785637e-05
324,0.46801994396486424,0.5958413094649526,1.7724629590920896e-05
325,0.4017271159735851,0.5558942089462254,1.7624816423800838e-05
326,0.42847945939656384,0.6617281888005115,1.7525e-05
327,0.467990449301928,0.5773683628883401,1.742518357619916e-05
328,0.4101137956621014,0.6087517177294767,1.7325370409079105e-05
329,0.48823643055123456,0.6322880919041518,1.722556375521436e-05
330,0.4691521287106836,0.5925284349309171,1.7125766870966952e-05
331,0.41743012676271257,0.5446901485934474,1.702598301238016e-05
332,0.39267527499185706,0.5101122697230254,1.6926215435072258e-05
333,0.4865214523636816,0.6136640623056888,1.6826467394130338e-05
334,0.48023946644487764,0.6131768755840354,1.6726742144004077e-05
335,0.43523511371144025,0.5959056585358511,1.6627042938399562e-05
336,0.4373879472659216,0.6107927297273511,1.6527373030173126e-05
337,0.4908621999758309,0.5899232581727131,1.642773567122525e-05
338,0.4412131541681148,0.7069756583588709,1.6328134112394404e-05
339,0.443075633187249,0.6246182546400483,1.6228571603351048e-05
340,0.5210729536681705,0.5398313563302262,1.6129051392491558e-05
341,0.46335887272369125,0.593728591794486,1.6029576726832278e-05
342,0.5021763165282163,0.6164534218056629,1.5930150851903538e-05
343,0.4507705770355502,0.6552921744989662,1.5830777011643797e-05
344,0.5622671530229282,0.6836694814496884,1.5731458448293805e-05
345,0.5800154230600617,0.6249102104653912,1.5632198402290808e-05
346,0.47494617620302215,0.6584090395421349,1.5533000112162804e-05
347,0.49437422245047175,0.6217700743427431,1.543386681442292e-05
348,0.4925283492957183,0.5915817738189098,1.533480174346378e-05
349,0.4830639195803591,0.687336263452269,1.5235808131452015e-05
350,0.4151760156624872,0.5433269831262533,1.5136889208222773e-05
351,0.44231282337819156,0.6089264434809202,1.5038048201174342e-05
352,0.4495582910553459,0.6112446344506324,1.4939288335162882e-05
353,0.45144994916250025,0.5496592754544855,1.4840612832397178e-05
354,0.40922500799455025,0.5472072846010904,1.4742024912333522e-05
355,0.43407690866334786,0.5715506933386372,1.4643527791570667e-05
356,0.47126343647850844,0.6140233872939626,1.4545124683744897e-05
357,0.5488510182025182,0.5785984130854628,1.4446818799425153e-05
358,0.4447997561195901,0.6000891688166865,1.4348613346008298e-05
359,0.457714927328428,0.6450256949003855,1.4250511527614457e-05
360,0.47745943533816365,0.5830885315435569,1.415251654498251e-05
361,0.45390673479728044,0.6471877247730083,1.40546315953656e-05
362,0.4811707228149823,0.6715133513143905,1.3956859872426885e-05
363,0.534242316606596,0.5882043018958799,1.3859204566135306e-05
364,0.43978823394331246,0.5910351877734026,1.3761668862661506e-05
365,0.4585245107820653,0.6096491521416206,1.3664255944273884e-05
366,0.5161013228698632,0.5547994185105453,1.3566968989234763e-05
367,0.48951639953062076,0.6721882792777075,1.3469811171696712e-05
368,0.5216929259743123,0.7202683080435895,1.3372785661598952e-05
369,0.46175784721963903,0.6335400576250355,1.3275895624563961e-05
370,0.44875994635176597,0.6457006338265032,1.3179144221794164e-05
371,0.4236361930592598,0.6535572294497061,1.3082534609968817e-05
372,0.43185322874243737,0.6410153283033185,1.2986069941141004e-05
373,0.4312628640040755,0.5819628842802119,1.2889753362634798e-05
374,0.4634358768607894,0.6105049951674325,1.2793588016942564e-05
375,0.44007735882221555,0.6014509868947815,1.2697577041622453e-05
376,0.40362943598895096,0.5630830560995288,1.2601723569196013e-05
377,0.4174182801073443,0.5464887755400201,1.250603072704599e-05
378,0.548567887218746,0.5624887525738564,1.241050163731429e-05
379,0.4096353709660101,0.6116146695064499,1.2315139416800138e-05
380,0.4714565274353311,0.6229694610639624,1.2219947176858333e-05
381,0.5300281370346464,0.6584528841816102,1.2124928023297793e-05
382,0.48200339108474394,0.6247763863343749,1.2030085056280197e-05
383,0.4405090606273039,0.6004358488934869,1.193542137021883e-05
384,0.3840631950881516,0.5500309512896575,1.184094005367763e-05
385,0.6053934037763138,0.5729993650890521,1.1746644189270428e-05
386,0.44564537122894915,0.5723486184886004,1.1652536853560355e-05
387,0.4292864479127292,0.6001328663705429,1.1558621116959477e-05
388,0.4373144769263655,0.5841976461863273,1.1464900043628615e-05
389,0.4823905391926751,0.6123191021344112,1.1371376691377354e-05
390,0.4144847661151893,0.5800667324192955,1.127805411156431e-05
391,0.46534462257757137,0.6254884393032454,1.1184935348997548e-05
392,0.5372540754743541,0.571677670771458,1.1092023441835251e-05
393,0.5778787162749246,0.6656635231548154,1.0999321421486592e-05
394,0.4713118570689497,0.5643586634436502,1.0906832312512829e-05
395,0.40829194870497937,0.6024393649675555,1.0814559132528624e-05
396,0.42663734295638434,0.6641755893764097,1.0722504892103583e-05
397,0.4400652697606086,0.5684430693852195,1.063067259466404e-05
398,0.4512020698221824,0.6084745804955015,1.0539065236395077e-05
399,0.39831623336047334,0.6015130420951322,1.0447685806142715e-05
400,0.46444327928971096,0.6254423356361641,1.0356537285316473e-05
401,0.44128832063671924,0.5681337232713256,1.0265622647792035e-05
402,0.4333267412146962,0.6305343969286493,1.0174944859814253e-05
403,0.4661906030546615,0.6345499743130255,1.0084506879900354e-05
404,0.4139051262746022,0.6081358667039788,9.994311658743425e-06
405,0.5089840716367248,0.6222701443787695,9.90436213911613e-06
406,0.4333344306614264,0.6585326432180505,9.814661255774701e-06
407,0.4239350273765595,0.6229889058673157,9.72521193536321e-06
408,0.559144064935072,0.6207233472663694,9.636017096318007e-06
409,0.4392456159979516,0.6045366795637003,9.547079648772609e-06
410,0.38665971191807386,0.580976075698606,9.458402494462679e-06
411,0.3758127866375464,0.6286398203545182,9.36998852663135e-06
412,0.46082664521758415,0.5985409860926159,9.281840629934885e-06
413,0.4532267977381305,0.576886614026969,9.193961680348485e-06
414,0.45791040073007877,0.666923250295389,9.10635454507252e-06
415,0.44786589151004125,0.6380826225790617,9.019022082438955e-06
416,0.4185384508452097,0.6146867377523103,8.93196714181807e-06
417,0.39922408326167536,0.5792883309963804,8.845192563525544e-06
418,0.5020931086881365,0.5981629155013607,8.758701178729738e-06
419,0.47541803799066484,0.5771925287170632,8.672495809359344e-06
420,0.43608490909341535,0.6422018402452099,8.586579268011332e-06
421,0.45970119692475164,0.5734829483331854,8.500954357859141e-06
422,0.4974040870465647,0.667088319050301,8.415623872561264e-06
423,0.47520802089189595,0.5986392130348382,8.330590596170083e-06
424,0.45869914469852296,0.6628514646308254,8.245857303041017e-06
425,0.38267396020010885,0.5189911463915006,8.161426757742028e-06
426,0.44170262266614113,0.6576225071457024,8.077301714963437e-06
427,0.4955817328008541,0.6174565178521396,7.993484919427974e-06
428,0.5431332460418338,0.6524033994627985,7.909979105801323e-06
429,0.4574589899123877,0.6178159935389329,7.826786998602845e-06
430,0.49452995682681544,0.6372810881754039,7.743911312116676e-06
431,0.4854766836191311,0.6339022332892218,7.661354750303211e-06
432,0.4359345043063715,0.5839767105351475,7.579120006710838e-06
433,0.42704731087697656,0.638457303973767,7.497209764388093e-06
434,0.44746871295262874,0.5742530386401515,7.415626695796106e-06
435,0.5306256158141742,0.5817402525943229,7.334373462721389e-06
436,0.49974822675541447,0.6793848151373097,7.253452716189033e-06
437,0.4830595205121378,0.6743148065143821,7.172867096376173e-06
438,0.47794732545466073,0.6356295221050686,7.092619232525859e-06
439,0.4860378209851627,0.5857234288339811,7.012711742861298e-06
440,0.4264610049609055,0.5841104928550148,6.9331472345004006e-06
441,0.4413253675645732,0.5671859930508765,6.853928303370717e-06
442,0.4834251658228306,0.663728130727825,6.775057534124773e-06
443,0.4531016477903121,0.6576395676316598,6.696537500055695e-06
444,0.4701605650083704,0.5781350704347833,6.6183707630132975e-06
445,0.4168544136299929,0.6275737051880846,6.540559873320483e-06
446,0.5236300602106884,0.5767177308390872,6.463107369689991e-06
447,0.43221714734161715,0.5987517197721984,6.386015779141646e-06
448,0.47035479043327927,0.6140097196576846,6.309287616919857e-06
449,0.47841204484443006,0.6211120863668395,6.232925386411552e-06
450,0.3780370703086003,0.5700662378895607,6.156931579064531e-06
451,0.4377315392088704,0.594080829161142,6.081308674306144e-06
452,0.39837023949147926,0.5584332389804906,6.0060591394624276e-06
453,0.4968859475686246,0.6123430956597988,5.931185429677589e-06
454,0.4493457583512354,0.6050481187432605,5.8566899878338865e-06
455,0.40527765732956683,0.6230264285264258,5.782575244471964e-06
456,0.4737681661625881,0.5949519814149187,5.708843617711515e-06
457,0.4590617593915563,0.6275642963646699,5.635497513172397e-06
458,0.4963689204274208,0.608269068545207,5.562539323896164e-06
459,0.476679581979344,0.6326675066964835,5.489971430267973e-06
460,0.43334080073110376,0.6062075169076335,5.417796199938904e-06
461,0.4745572790078955,0.5949348778233283,5.346015987748749e-06
462,0.4753404024619617,0.6496309216181531,5.2746331356491405e-06
463,0.49018122793815394,0.6597953819553652,5.203649972627177e-06
464,0.5203593251287095,0.6568029379158284,5.133068814629427e-06
465,0.4844274348407147,0.6151667583337326,5.062891964486327e-06
466,0.4864801397067503,0.6188813476595902,4.9931217118371135e-06
467,0.47532184631168756,0.6089890616164503,4.92376033305508e-06
468,0.442483994971719,0.6202786658798796,4.854810091173305e-06
469,0.4227266396320477,0.6341932219707282,4.7862732358108365e-06
470,0.5554216536961303,0.6137346246736737,4.718152003099272e-06
471,0.48964689238480413,0.6574616473703035,4.650448615609822e-06
472,0.5006140231989529,0.6169078512398938,4.583165282280789e-06
473,0.42811319487540267,0.6043487535769125,4.516304198345479e-06
474,0.46754673874479,0.6142615591848088,4.449867545260593e-06
475,0.45368700577727944,0.6675811576874929,4.383857490635075e-06
476,0.42901261218032455,0.537318826345278,4.318276188159338e-06
477,0.3999650800515298,0.5955008711923552,4.253125777535047e-06
478,0.49415034013416576,0.6807162496947214,4.1884083844052844e-06
479,0.4931061742956418,0.6774003096921627,4.1241261202851874e-06
480,0.4821066463912478,0.6252541560996697,4.060281082493085e-06
481,0.4730190503530547,0.6015906258120366,3.996875354082033e-06
482,0.44165921356665133,0.6314499898724011,3.93391100377189e-06
483,0.47102498089476635,0.6366285570242513,3.8713900858818e-06
484,0.5143044026022328,0.5866520734245848,3.809314640263146e-06
485,0.4002059246078324,0.6025349287847612,3.747686692233046e-06
486,0.4559306867516195,0.5926373308474888,3.686508252508244e-06
487,0.3693623327018678,0.5427996685799322,3.6257813171394966e-06
488,0.43888975000793623,0.5973089291346259,3.5655078674464773e-06
489,0.4467839566851541,0.6575415658368239,3.505689869953099e-06
490,0.4917073771416632,0.5701804134364209,3.446329276323391e-06
491,0.42443276767960053,0.5944648054486741,3.387428023297795e-06
492,0.4174598239672866,0.626096680631495,3.3289880326299782e-06
493,0.3986251963669542,0.5719522327690951,3.2710112110241377e-06
494,0.4206626938491227,0.6017605882085868,3.2134994500728035e-06
495,0.5169816952310193,0.596953880852886,3.1564546261950947e-06
496,0.5596260232436103,0.647345150591087,3.0998786005755238e-06
497,0.4515822495569759,0.5925358206360043,3.0437732191032642e-06
498,0.47227332991944143,0.6242844257085592,2.9881403123119067e-06
499,0.432512110177504,0.5513076459148508,2.93298169531977e-06
500,0.4348028295432557,0.6161277245820976,2.8782991677706463e-06
501,0.4346985941595256,0.6122733174112996,2.824094513775106e-06
502,0.488206120397058,0.6443634019378082,2.77036950185229e-06
503,0.42876071067719157,0.5944180947689415,2.717125884872173e-06
504,0.46843312720559566,0.6160378570708641,2.6643653999984234e-06
505,0.3942728035512681,0.5475732103626301,2.612089768631702e-06
506,0.43908388420800876,0.7000774400221995,2.5603006963534832e-06
507,0.4009137954181691,0.6114863531714548,2.508999872870433e-06
508,0.4497254116000596,0.6080049209644326,2.4581889719592753e-06
509,0.4566978274958069,0.6081444570870559,2.4078696514121573e-06
510,0.4501822245221993,0.6220138405085897,2.358043552982599e-06
511,0.4231958446170356,0.5805703755432848,2.3087123023318963e-06
512,0.5522512470427375,0.6157976071759006,2.2598775089760944e-06
513,0.44469431293564315,0.6333901519962419,2.2115407662334874e-06
514,0.48759837499612046,0.6684148740664577,2.1637036511725977e-06
515,0.44161723993531726,0.6188410134482407,2.116367724560765e-06
516,0.40947662651922745,0.580535641272833,2.069534530813195e-06
517,0.46246553020032416,0.5982741835506383,2.0232055979425717e-06
518,0.44944271704901056,0.5884584498256298,1.977382437509218e-06
519,0.47464444759550245,0.5948033018690873,1.932066544571762e-06
520,0.47755703945211736,0.5983927002724604,1.8872593976383714e-06
521,0.4942334055078788,0.6039460690330425,1.8429624586185148e-06
522,0.4210946570908732,0.6150502996060992,1.799177172775241e-06
523,0.5177317224927155,0.6470076340929639,1.7559049686780584e-06
524,0.4653384434796641,0.6536819622749691,1.7131472581563115e-06
525,0.4865970124776561,0.5942435824876743,1.6709054362530979e-06
526,0.4146388916568829,0.5736559867216855,1.62918088117979e-06
527,0.4759978747674978,0.6370622455444531,1.5879749542710432e-06
528,0.4496667291638858,0.5794177624106571,1.5472889999403775e-06
529,0.4898115631795028,0.607221511377024,1.5071243456363365e-06
530,0.49718761726243194,0.6006768751479816,1.4674823017991495e-06
531,0.4121860657986911,0.5994647828743005,1.4283641618179959e-06
532,0.44715423062166987,0.6167942764071443,1.3897712019888007e-06
533,0.44529384163240004,0.5993936333015659,1.3517046814725873e-06
534,0.4670617919099405,0.6026168604672778,1.3141658422544076e-06
535,0.383357529507109,0.5711760752496058,1.2771559091028074e-06
536,0.4008749439855455,0.5595642129914756,1.2406760895298712e-06
537,0.45400969890465026,0.641593816499625,1.204727573751828e-06
538,0.44882485674820005,0.5765901109191323,1.1693115346502133e-06
539,0.5253911158642044,0.5768835779926035,1.1344291277336046e-06
540,0.44248567268367384,0.5908508215296703,1.1000814910999301e-06
541,0.4425576211275011,0.5753678281205235,1.0662697453993071e-06
542,0.461727525678081,0.6455494989575271,1.0329949937975157e-06
543,0.4372462961475768,0.6610649402834627,1.0002583219399862e-06
544,0.40965877109225013,0.5554579647160627,9.680607979163728e-07
545,0.43276477734874613,0.6226346996690979,9.364034722257226e-07
546,0.46265173271967985,0.5934603897854368,9.05287377742192e-07
547,0.5010452314384303,0.6146769811925823,8.747135296813405e-07
548,0.4501890995801426,0.607154438338511,8.446829255670218e-07
549,0.43692470397891014,0.6051132782774503,8.151965451988275e-07
550,0.47181842900362686,0.626309352467527,7.862553506201228e-07
551,0.50971599553296,0.6938440787145713,7.578602860866603e-07
552,0.5045723463184144,0.6507153302312476,7.300122780357658e-07
553,0.4453081659474199,0.659393687405237,7.027122350561211e-07
554,0.4487093607716053,0.554011261030708,6.759610478581145e-07
555,0.47507135367786,0.6420949277164104,6.497595892447726e-07
556,0.42659291616184325,0.5809960467705704,6.241087140833005e-07
557,0.48000787126526084,0.6113718974941119,5.99009259277172e-07
558,0.44300576267493164,0.6173405961064538,5.744620437388385e-07
559,0.4341542683379598,0.609682853817717,5.504678683630055e-07
560,0.45954259201656433,0.6110925763848619,5.270275160004983e-07
561,0.4838773836673454,0.6096975023504205,5.041417514327226e-07
562,0.4454165382141604,0.5859115012829452,4.818113213467184e-07
563,0.5186408209033361,0.57664129072672,4.6003695431078464e-07
564,0.41368513660459644,0.5671093320112234,4.3881936075072415e-07
565,0.49196841058179197,0.5651443386265681,4.1815923292665553e-07
566,0.5001028139540352,0.591501510421556,3.980572449104245e-07
567,0.4656660407354085,0.6265969253125743,3.785140525636203e-07
568,0.4704103440003632,0.654289510437851,3.595302935161665e-07
569,0.45245314402452563,0.5886914040438435,3.411065871455251e-07
570,0.5092775219487996,0.5857650987061663,3.232435345564901e-07
571,0.4048417088087186,0.6544145565995635,3.059417185615651e-07
572,0.4529715656110198,0.6742229603206896,2.892017036619562e-07
573,0.4276421908079639,0.6109476941708327,2.730240360291564e-07
574,0.4312733597352127,0.5804362411442812,2.5740924348711365e-07
575,0.4376426702294292,0.6074141078298894,2.423578354950245e-07
576,0.41887237831006685,0.6288346109325507,2.2787030313070132e-07
577,0.47371302515971336,0.6437416825721516,2.1394711907455437e-07
578,0.44871807872046077,0.5654035852072529,2.0058873759417418e-07
579,0.46064184399578695,0.6463809110397862,1.8779559452950103e-07
580,0.460259589255859,0.6257090402788503,1.7556810727860602e-07
581,0.557164105684007,0.6311895223584318,1.6390667478408487e-07
582,0.4593804776209011,0.6123780017806562,1.5281167752002825e-07
583,0.4318275287397963,0.5987426137667116,1.422834774796108e-07
584,0.5220523959433812,0.6704317366425251,1.323224181632875e-07
585,0.49255325248432047,0.5992592710469983,1.2292882456757785e-07
586,0.4124040634366363,0.612357246162401,1.1410300317446893e-07
587,0.45207361182937394,0.6006094983511955,1.0584524194141034e-07
588,0.4474527347090205,0.635057643919095,9.815581029192199e-08
589,0.44085061488408406,0.5840662560551387,9.103495910680538e-08
590,0.49508588716583934,0.6007603561359849,8.44829207159545e-08
591,0.43214535523728287,0.5453715479472593,7.849990889077954e-08
592,0.4731718488894631,0.6033558393994735,7.308611883722644e-08
593,0.4619007842651767,0.6527081423800265,6.824172718941521e-08
594,0.4157395645658993,0.6828941632765455,6.396689200387202e-08
595,0.5064720639777562,0.6343842514950053,6.026175275437231e-08
596,0.4489833686134661,0.5940238875729185,5.7126430327393206e-08
597,0.44886819717549514,0.6080621749798506,5.456102701816732e-08
598,0.44855926126990014,0.5861463386143827,5.2565626527347694e-08
599,0.47594401600991215,0.619488038130988,5.1140293958270274e-08
600,0.48564620473023895,0.6624490520736019,5.0285075814839214e-08
